[{"__symbolic":"module","version":3,"metadata":{"CardModule":{"__symbolic":"class","decorators":[{"__symbolic":"call","expression":{"__symbolic":"reference","module":"@angular/core","name":"NgModule"},"arguments":[{"declarations":[{"__symbolic":"reference","module":"./card","name":"Card"},{"__symbolic":"reference","module":"./card-content","name":"CardContent"},{"__symbolic":"reference","module":"./card-header","name":"CardHeader"},{"__symbolic":"reference","module":"./card-title","name":"CardTitle"}],"exports":[{"__symbolic":"reference","module":"./card","name":"Card"},{"__symbolic":"reference","module":"./card-content","name":"CardContent"},{"__symbolic":"reference","module":"./card-header","name":"CardHeader"},{"__symbolic":"reference","module":"./card-title","name":"CardTitle"}]}]}],"statics":{"forRoot":{"__symbolic":"function","parameters":[],"value":{"ngModule":{"__symbolic":"reference","name":"CardModule"},"providers":[]}}}}}},{"__symbolic":"module","version":1,"metadata":{"CardModule":{"__symbolic":"class","decorators":[{"__symbolic":"call","expression":{"__symbolic":"reference","module":"@angular/core","name":"NgModule"},"arguments":[{"declarations":[{"__symbolic":"reference","module":"./card","name":"Card"},{"__symbolic":"reference","module":"./card-content","name":"CardContent"},{"__symbolic":"reference","module":"./card-header","name":"CardHeader"},{"__symbolic":"reference","module":"./card-title","name":"CardTitle"}],"exports":[{"__symbolic":"reference","module":"./card","name":"Card"},{"__symbolic":"reference","module":"./card-content","name":"CardContent"},{"__symbolic":"reference","module":"./card-header","name":"CardHeader"},{"__symbolic":"reference","module":"./card-title","name":"CardTitle"}]}]}],"statics":{"forRoot":{"__symbolic":"function","parameters":[],"value":{"ngModule":{"__symbolic":"reference","name":"CardModule"},"providers":[]}}}}}}]