{"summaries":[{"symbol":{"__symbol":0,"members":[]},"metadata":{"__symbolic":"class","statics":{"forRoot":{"__symbolic":"function","parameters":[],"value":{"ngModule":{"__symbol":0,"members":[]},"providers":[]}}}},"type":{"summaryKind":2,"type":{"reference":{"__symbol":0,"members":[]},"diDeps":[],"lifecycleHooks":[]},"entryComponents":[],"providers":[],"modules":[{"reference":{"__symbol":0,"members":[]},"diDeps":[],"lifecycleHooks":[]}],"exportedDirectives":[{"reference":{"__symbol":1,"members":[]}},{"reference":{"__symbol":2,"members":[]}},{"reference":{"__symbol":3,"members":[]}},{"reference":{"__symbol":4,"members":[]}}],"exportedPipes":[]}}],"symbols":[{"__symbol":0,"name":"CardModule","filePath":"/Users/adam/git/ionic2/dist/ionic-angular/components/card/card.module.d.ts"},{"__symbol":1,"name":"Card","filePath":"/Users/adam/git/ionic2/dist/ionic-angular/components/card/card.d.ts"},{"__symbol":2,"name":"CardContent","filePath":"/Users/adam/git/ionic2/dist/ionic-angular/components/card/card-content.d.ts"},{"__symbol":3,"name":"CardHeader","filePath":"/Users/adam/git/ionic2/dist/ionic-angular/components/card/card-header.d.ts"},{"__symbol":4,"name":"CardTitle","filePath":"/Users/adam/git/ionic2/dist/ionic-angular/components/card/card-title.d.ts"}]}