[{"__symbolic":"module","version":3,"metadata":{"AvatarModule":{"__symbolic":"class","decorators":[{"__symbolic":"call","expression":{"__symbolic":"reference","module":"@angular/core","name":"NgModule"},"arguments":[{"declarations":[{"__symbolic":"reference","module":"./avatar","name":"Avatar"}],"exports":[{"__symbolic":"reference","module":"./avatar","name":"Avatar"}]}]}],"statics":{"forRoot":{"__symbolic":"function","parameters":[],"value":{"ngModule":{"__symbolic":"reference","name":"AvatarModule"},"providers":[]}}}}}},{"__symbolic":"module","version":1,"metadata":{"AvatarModule":{"__symbolic":"class","decorators":[{"__symbolic":"call","expression":{"__symbolic":"reference","module":"@angular/core","name":"NgModule"},"arguments":[{"declarations":[{"__symbolic":"reference","module":"./avatar","name":"Avatar"}],"exports":[{"__symbolic":"reference","module":"./avatar","name":"Avatar"}]}]}],"statics":{"forRoot":{"__symbolic":"function","parameters":[],"value":{"ngModule":{"__symbolic":"reference","name":"AvatarModule"},"providers":[]}}}}}}]