{"summaries":[{"symbol":{"__symbol":0,"members":[]},"metadata":{"__symbolic":"class","statics":{"forRoot":{"__symbolic":"function","parameters":[],"value":{"ngModule":{"__symbol":0,"members":[]},"providers":[]}}}},"type":{"summaryKind":2,"type":{"reference":{"__symbol":0,"members":[]},"diDeps":[],"lifecycleHooks":[]},"entryComponents":[],"providers":[],"modules":[{"reference":{"__symbol":0,"members":[]},"diDeps":[],"lifecycleHooks":[]}],"exportedDirectives":[{"reference":{"__symbol":1,"members":[]}}],"exportedPipes":[]}}],"symbols":[{"__symbol":0,"name":"AvatarModule","filePath":"/Users/adam/git/ionic2/dist/ionic-angular/components/avatar/avatar.module.d.ts"},{"__symbol":1,"name":"Avatar","filePath":"/Users/adam/git/ionic2/dist/ionic-angular/components/avatar/avatar.d.ts"}]}