[{"__symbolic":"module","version":3,"metadata":{"ChipModule":{"__symbolic":"class","decorators":[{"__symbolic":"call","expression":{"__symbolic":"reference","module":"@angular/core","name":"NgModule"},"arguments":[{"declarations":[{"__symbolic":"reference","module":"./chip","name":"Chip"}],"exports":[{"__symbolic":"reference","module":"./chip","name":"Chip"}]}]}],"statics":{"forRoot":{"__symbolic":"function","parameters":[],"value":{"ngModule":{"__symbolic":"reference","name":"ChipModule"},"providers":[]}}}}}},{"__symbolic":"module","version":1,"metadata":{"ChipModule":{"__symbolic":"class","decorators":[{"__symbolic":"call","expression":{"__symbolic":"reference","module":"@angular/core","name":"NgModule"},"arguments":[{"declarations":[{"__symbolic":"reference","module":"./chip","name":"Chip"}],"exports":[{"__symbolic":"reference","module":"./chip","name":"Chip"}]}]}],"statics":{"forRoot":{"__symbolic":"function","parameters":[],"value":{"ngModule":{"__symbolic":"reference","name":"ChipModule"},"providers":[]}}}}}}]