[{"__symbolic":"module","version":3,"metadata":{"Ion":{"__symbolic":"class","members":{"color":[{"__symbolic":"property","decorators":[{"__symbolic":"call","expression":{"__symbolic":"reference","module":"@angular/core","name":"Input"}}]}],"mode":[{"__symbolic":"property","decorators":[{"__symbolic":"call","expression":{"__symbolic":"reference","module":"@angular/core","name":"Input"}}]}],"__ctor__":[{"__symbolic":"constructor","parameters":[{"__symbolic":"reference","module":"../config/config","name":"Config"},{"__symbolic":"reference","module":"@angular/core","name":"ElementRef"},{"__symbolic":"reference","module":"@angular/core","name":"Renderer"},{"__symbolic":"reference","name":"string"}]}],"setElementClass":[{"__symbolic":"method"}],"setElementAttribute":[{"__symbolic":"method"}],"setElementStyle":[{"__symbolic":"method"}],"_setColor":[{"__symbolic":"method"}],"_setMode":[{"__symbolic":"method"}],"_setComponentName":[{"__symbolic":"method"}],"getElementRef":[{"__symbolic":"method"}],"getNativeElement":[{"__symbolic":"method"}]}}}},{"__symbolic":"module","version":1,"metadata":{"Ion":{"__symbolic":"class","members":{"color":[{"__symbolic":"property","decorators":[{"__symbolic":"call","expression":{"__symbolic":"reference","module":"@angular/core","name":"Input"}}]}],"mode":[{"__symbolic":"property","decorators":[{"__symbolic":"call","expression":{"__symbolic":"reference","module":"@angular/core","name":"Input"}}]}],"__ctor__":[{"__symbolic":"constructor","parameters":[{"__symbolic":"reference","module":"../config/config","name":"Config"},{"__symbolic":"reference","module":"@angular/core","name":"ElementRef"},{"__symbolic":"reference","module":"@angular/core","name":"Renderer"},{"__symbolic":"reference","name":"string"}]}],"setElementClass":[{"__symbolic":"method"}],"setElementAttribute":[{"__symbolic":"method"}],"setElementStyle":[{"__symbolic":"method"}],"_setColor":[{"__symbolic":"method"}],"_setMode":[{"__symbolic":"method"}],"_setComponentName":[{"__symbolic":"method"}],"getElementRef":[{"__symbolic":"method"}],"getNativeElement":[{"__symbolic":"method"}]}}}}]