[{"__symbolic":"module","version":3,"metadata":{"ListHeader":{"__symbolic":"class","extends":{"__symbolic":"reference","module":"../ion","name":"Ion"},"decorators":[{"__symbolic":"call","expression":{"__symbolic":"reference","module":"@angular/core","name":"Directive"},"arguments":[{"selector":"ion-list-header"}]}],"members":{"__ctor__":[{"__symbolic":"constructor","parameterDecorators":[null,null,null,[{"__symbolic":"call","expression":{"__symbolic":"reference","module":"@angular/core","name":"Attribute"},"arguments":["id"]}]],"parameters":[{"__symbolic":"reference","module":"../../config/config","name":"Config"},{"__symbolic":"reference","module":"@angular/core","name":"Renderer"},{"__symbolic":"reference","module":"@angular/core","name":"ElementRef"},{"__symbolic":"reference","name":"string"}]}]}}}},{"__symbolic":"module","version":1,"metadata":{"ListHeader":{"__symbolic":"class","extends":{"__symbolic":"reference","module":"../ion","name":"Ion"},"decorators":[{"__symbolic":"call","expression":{"__symbolic":"reference","module":"@angular/core","name":"Directive"},"arguments":[{"selector":"ion-list-header"}]}],"members":{"__ctor__":[{"__symbolic":"constructor","parameterDecorators":[null,null,null,[{"__symbolic":"call","expression":{"__symbolic":"reference","module":"@angular/core","name":"Attribute"},"arguments":["id"]}]],"parameters":[{"__symbolic":"reference","module":"../../config/config","name":"Config"},{"__symbolic":"reference","module":"@angular/core","name":"Renderer"},{"__symbolic":"reference","module":"@angular/core","name":"ElementRef"},{"__symbolic":"reference","name":"string"}]}]}}}}]