[{"__symbolic":"module","version":3,"metadata":{"ListModule":{"__symbolic":"class","decorators":[{"__symbolic":"call","expression":{"__symbolic":"reference","module":"@angular/core","name":"NgModule"},"arguments":[{"declarations":[{"__symbolic":"reference","module":"./list","name":"List"},{"__symbolic":"reference","module":"./list-header","name":"ListHeader"}],"exports":[{"__symbolic":"reference","module":"./list","name":"List"},{"__symbolic":"reference","module":"./list-header","name":"ListHeader"}]}]}],"statics":{"forRoot":{"__symbolic":"function","parameters":[],"value":{"ngModule":{"__symbolic":"reference","name":"ListModule"},"providers":[]}}}}}},{"__symbolic":"module","version":1,"metadata":{"ListModule":{"__symbolic":"class","decorators":[{"__symbolic":"call","expression":{"__symbolic":"reference","module":"@angular/core","name":"NgModule"},"arguments":[{"declarations":[{"__symbolic":"reference","module":"./list","name":"List"},{"__symbolic":"reference","module":"./list-header","name":"ListHeader"}],"exports":[{"__symbolic":"reference","module":"./list","name":"List"},{"__symbolic":"reference","module":"./list-header","name":"ListHeader"}]}]}],"statics":{"forRoot":{"__symbolic":"function","parameters":[],"value":{"ngModule":{"__symbolic":"reference","name":"ListModule"},"providers":[]}}}}}}]