{"summaries":[{"symbol":{"__symbol":0,"members":[]},"metadata":{"__symbolic":"class","statics":{"forRoot":{"__symbolic":"function","parameters":[],"value":{"ngModule":{"__symbol":0,"members":[]},"providers":[]}}}},"type":{"summaryKind":2,"type":{"reference":{"__symbol":0,"members":[]},"diDeps":[],"lifecycleHooks":[]},"entryComponents":[],"providers":[],"modules":[{"reference":{"__symbol":0,"members":[]},"diDeps":[],"lifecycleHooks":[]}],"exportedDirectives":[{"reference":{"__symbol":1,"members":[]}},{"reference":{"__symbol":2,"members":[]}}],"exportedPipes":[]}}],"symbols":[{"__symbol":0,"name":"ListModule","filePath":"/Users/adam/git/ionic2/dist/ionic-angular/components/list/list.module.d.ts"},{"__symbol":1,"name":"List","filePath":"/Users/adam/git/ionic2/dist/ionic-angular/components/list/list.d.ts"},{"__symbol":2,"name":"ListHeader","filePath":"/Users/adam/git/ionic2/dist/ionic-angular/components/list/list-header.d.ts"}]}