[{"__symbolic":"module","version":3,"metadata":{"List":{"__symbolic":"class","extends":{"__symbolic":"reference","module":"../ion","name":"Ion"},"decorators":[{"__symbolic":"call","expression":{"__symbolic":"reference","module":"@angular/core","name":"Directive"},"arguments":[{"selector":"ion-list"}]}],"members":{"__ctor__":[{"__symbolic":"constructor","parameters":[{"__symbolic":"reference","module":"../../config/config","name":"Config"},{"__symbolic":"reference","module":"@angular/core","name":"ElementRef"},{"__symbolic":"reference","module":"@angular/core","name":"Renderer"},{"__symbolic":"reference","module":"../../platform/platform","name":"Platform"},{"__symbolic":"reference","module":"../../gestures/gesture-controller","name":"GestureController"},{"__symbolic":"reference","module":"../../platform/dom-controller","name":"DomController"}]}],"sliding":[{"__symbolic":"property","decorators":[{"__symbolic":"call","expression":{"__symbolic":"reference","module":"@angular/core","name":"Input"}}]}],"containsSlidingItem":[{"__symbolic":"method"}],"_updateSlidingState":[{"__symbolic":"method"}],"closeSlidingItems":[{"__symbolic":"method"}],"destroy":[{"__symbolic":"method"}]}}}},{"__symbolic":"module","version":1,"metadata":{"List":{"__symbolic":"class","extends":{"__symbolic":"reference","module":"../ion","name":"Ion"},"decorators":[{"__symbolic":"call","expression":{"__symbolic":"reference","module":"@angular/core","name":"Directive"},"arguments":[{"selector":"ion-list"}]}],"members":{"__ctor__":[{"__symbolic":"constructor","parameters":[{"__symbolic":"reference","module":"../../config/config","name":"Config"},{"__symbolic":"reference","module":"@angular/core","name":"ElementRef"},{"__symbolic":"reference","module":"@angular/core","name":"Renderer"},{"__symbolic":"reference","module":"../../platform/platform","name":"Platform"},{"__symbolic":"reference","module":"../../gestures/gesture-controller","name":"GestureController"},{"__symbolic":"reference","module":"../../platform/dom-controller","name":"DomController"}]}],"sliding":[{"__symbolic":"property","decorators":[{"__symbolic":"call","expression":{"__symbolic":"reference","module":"@angular/core","name":"Input"}}]}],"containsSlidingItem":[{"__symbolic":"method"}],"_updateSlidingState":[{"__symbolic":"method"}],"closeSlidingItems":[{"__symbolic":"method"}],"destroy":[{"__symbolic":"method"}]}}}}]