[{"__symbolic":"module","version":3,"metadata":{"InputModule":{"__symbolic":"class","decorators":[{"__symbolic":"call","expression":{"__symbolic":"reference","module":"@angular/core","name":"NgModule"},"arguments":[{"imports":[{"__symbolic":"reference","module":"@angular/common","name":"CommonModule"},{"__symbolic":"reference","module":"@angular/forms","name":"FormsModule"},{"__symbolic":"reference","module":"@angular/forms","name":"ReactiveFormsModule"}],"declarations":[{"__symbolic":"reference","module":"./native-input","name":"NativeInput"},{"__symbolic":"reference","module":"./next-input","name":"NextInput"},{"__symbolic":"reference","module":"./input","name":"TextInput"}],"exports":[{"__symbolic":"reference","module":"./native-input","name":"NativeInput"},{"__symbolic":"reference","module":"./next-input","name":"NextInput"},{"__symbolic":"reference","module":"./input","name":"TextInput"}]}]}],"statics":{"forRoot":{"__symbolic":"function","parameters":[],"value":{"ngModule":{"__symbolic":"reference","name":"InputModule"},"providers":[]}}}}}},{"__symbolic":"module","version":1,"metadata":{"InputModule":{"__symbolic":"class","decorators":[{"__symbolic":"call","expression":{"__symbolic":"reference","module":"@angular/core","name":"NgModule"},"arguments":[{"imports":[{"__symbolic":"reference","module":"@angular/common","name":"CommonModule"},{"__symbolic":"reference","module":"@angular/forms","name":"FormsModule"},{"__symbolic":"reference","module":"@angular/forms","name":"ReactiveFormsModule"}],"declarations":[{"__symbolic":"reference","module":"./native-input","name":"NativeInput"},{"__symbolic":"reference","module":"./next-input","name":"NextInput"},{"__symbolic":"reference","module":"./input","name":"TextInput"}],"exports":[{"__symbolic":"reference","module":"./native-input","name":"NativeInput"},{"__symbolic":"reference","module":"./next-input","name":"NextInput"},{"__symbolic":"reference","module":"./input","name":"TextInput"}]}]}],"statics":{"forRoot":{"__symbolic":"function","parameters":[],"value":{"ngModule":{"__symbolic":"reference","name":"InputModule"},"providers":[]}}}}}}]