{"summaries":[{"symbol":{"__symbol":0,"members":[]},"metadata":{"__symbolic":"class","statics":{"forRoot":{"__symbolic":"function","parameters":[],"value":{"ngModule":{"__symbol":0,"members":[]},"providers":[]}}}},"type":{"summaryKind":2,"type":{"reference":{"__symbol":0,"members":[]},"diDeps":[],"lifecycleHooks":[]},"entryComponents":[],"providers":[{"provider":{"token":{"identifier":{"reference":{"__symbol":1,"members":[]}}},"useClass":{"reference":{"__symbol":2,"members":[]},"diDeps":[{"isAttribute":false,"isHost":false,"isSelf":false,"isSkipSelf":false,"isOptional":false,"token":{"identifier":{"reference":{"__symbol":3,"members":[]}}}}],"lifecycleHooks":[]},"useFactory":null,"useExisting":null,"deps":[{"isAttribute":false,"isHost":false,"isSelf":false,"isSkipSelf":false,"isOptional":false,"token":{"identifier":{"reference":{"__symbol":3,"members":[]}}}}],"multi":false},"module":{"reference":{"__symbol":4,"members":[]},"diDeps":[],"lifecycleHooks":[]}},{"provider":{"token":{"identifier":{"reference":{"__symbol":5,"members":[]},"diDeps":[],"lifecycleHooks":[]}},"useClass":{"reference":{"__symbol":5,"members":[]},"diDeps":[],"lifecycleHooks":[]},"useFactory":null,"useExisting":null,"deps":[],"multi":false},"module":{"reference":{"__symbol":6,"members":[]},"diDeps":[],"lifecycleHooks":[]}},{"provider":{"token":{"identifier":{"reference":{"__symbol":7,"members":[]},"diDeps":[],"lifecycleHooks":[]}},"useClass":{"reference":{"__symbol":7,"members":[]},"diDeps":[],"lifecycleHooks":[]},"useFactory":null,"useExisting":null,"deps":[],"multi":false},"module":{"reference":{"__symbol":8,"members":[]},"diDeps":[],"lifecycleHooks":[]}},{"provider":{"token":{"identifier":{"reference":{"__symbol":5,"members":[]},"diDeps":[],"lifecycleHooks":[]}},"useClass":{"reference":{"__symbol":5,"members":[]},"diDeps":[],"lifecycleHooks":[]},"useFactory":null,"useExisting":null,"deps":[],"multi":false},"module":{"reference":{"__symbol":8,"members":[]},"diDeps":[],"lifecycleHooks":[]}}],"modules":[{"reference":{"__symbol":4,"members":[]},"diDeps":[],"lifecycleHooks":[]},{"reference":{"__symbol":9,"members":[]},"diDeps":[],"lifecycleHooks":[]},{"reference":{"__symbol":6,"members":[]},"diDeps":[],"lifecycleHooks":[]},{"reference":{"__symbol":8,"members":[]},"diDeps":[],"lifecycleHooks":[]},{"reference":{"__symbol":0,"members":[]},"diDeps":[],"lifecycleHooks":[]}],"exportedDirectives":[{"reference":{"__symbol":10,"members":[]}},{"reference":{"__symbol":11,"members":[]}},{"reference":{"__symbol":12,"members":[]}}],"exportedPipes":[]}}],"symbols":[{"__symbol":0,"name":"InputModule","filePath":"/Users/adam/git/ionic2/dist/ionic-angular/components/input/input.module.d.ts"},{"__symbol":1,"name":"NgLocalization","filePath":"/Users/adam/git/ionic2/node_modules/@angular/common/common.d.ts"},{"__symbol":2,"name":"NgLocaleLocalization","filePath":"/Users/adam/git/ionic2/node_modules/@angular/common/common.d.ts"},{"__symbol":3,"name":"LOCALE_ID","filePath":"/Users/adam/git/ionic2/node_modules/@angular/core/core.d.ts"},{"__symbol":4,"name":"CommonModule","filePath":"/Users/adam/git/ionic2/node_modules/@angular/common/common.d.ts"},{"__symbol":5,"name":"ɵi","filePath":"/Users/adam/git/ionic2/node_modules/@angular/forms/forms.d.ts"},{"__symbol":6,"name":"FormsModule","filePath":"/Users/adam/git/ionic2/node_modules/@angular/forms/forms.d.ts"},{"__symbol":7,"name":"FormBuilder","filePath":"/Users/adam/git/ionic2/node_modules/@angular/forms/forms.d.ts"},{"__symbol":8,"name":"ReactiveFormsModule","filePath":"/Users/adam/git/ionic2/node_modules/@angular/forms/forms.d.ts"},{"__symbol":9,"name":"ɵba","filePath":"/Users/adam/git/ionic2/node_modules/@angular/forms/forms.d.ts"},{"__symbol":10,"name":"NativeInput","filePath":"/Users/adam/git/ionic2/dist/ionic-angular/components/input/native-input.d.ts"},{"__symbol":11,"name":"NextInput","filePath":"/Users/adam/git/ionic2/dist/ionic-angular/components/input/next-input.d.ts"},{"__symbol":12,"name":"TextInput","filePath":"/Users/adam/git/ionic2/dist/ionic-angular/components/input/input.d.ts"}]}