{"summaries":[{"symbol":{"__symbol":0,"members":[]},"metadata":{"__symbolic":"class"},"type":{"summaryKind":1,"type":{"reference":{"__symbol":0,"members":[]},"diDeps":[{"isAttribute":false,"isHost":false,"isSelf":false,"isSkipSelf":false,"isOptional":false,"token":{"identifier":{"reference":{"__symbol":3,"members":[]}}}},{"isAttribute":false,"isHost":false,"isSelf":false,"isSkipSelf":false,"isOptional":false,"token":{"identifier":{"reference":{"__symbol":4,"members":[]}}}},{"isAttribute":false,"isHost":false,"isSelf":false,"isSkipSelf":false,"isOptional":false,"token":{"identifier":{"reference":{"__symbol":5,"members":[]}}}},{"isAttribute":false,"isHost":false,"isSelf":false,"isSkipSelf":false,"isOptional":false,"token":{"identifier":{"reference":{"__symbol":6,"members":[]}}}},{"isAttribute":false,"isHost":false,"isSelf":false,"isSkipSelf":false,"isOptional":false,"token":{"identifier":{"reference":{"__symbol":7,"members":[]}}}},{"isAttribute":false,"isHost":false,"isSelf":false,"isSkipSelf":false,"isOptional":false,"token":{"identifier":{"reference":{"__symbol":8,"members":[]}}}},{"isAttribute":false,"isHost":false,"isSelf":false,"isSkipSelf":false,"isOptional":true,"token":{"identifier":{"reference":{"__symbol":9,"members":[]}}}},{"isAttribute":false,"isHost":false,"isSelf":false,"isSkipSelf":false,"isOptional":true,"token":{"identifier":{"reference":{"__symbol":10,"members":[]}}}},{"isAttribute":false,"isHost":false,"isSelf":false,"isSkipSelf":false,"isOptional":true,"token":{"identifier":{"reference":{"__symbol":11,"members":[]}}}},{"isAttribute":false,"isHost":false,"isSelf":false,"isSkipSelf":false,"isOptional":true,"token":{"identifier":{"reference":{"__symbol":12,"members":[]}}}},{"isAttribute":false,"isHost":false,"isSelf":false,"isSkipSelf":false,"isOptional":false,"token":{"identifier":{"reference":{"__symbol":13,"members":[]}}}}],"lifecycleHooks":[0,1,5]},"isComponent":true,"selector":"ion-input,ion-textarea","inputs":{"color":"color","mode":"mode","placeholder":"placeholder","clearInput":"clearInput","value":"value","type":"type","disabled":"disabled","readonly":"readonly","clearOnEdit":"clearOnEdit","min":"min","max":"max","step":"step"},"outputs":{"blur":"blur","focus":"focus"},"hostListeners":{},"hostProperties":{},"hostAttributes":{},"providers":[],"viewProviders":[],"queries":[],"viewQueries":[{"selectors":[{"value":"input"}],"first":true,"descendants":true,"propertyName":"_nativeInput","read":{"identifier":{"reference":{"__symbol":14,"members":[]}}}},{"selectors":[{"value":"textarea"}],"first":true,"descendants":true,"propertyName":"_nativeTextarea","read":{"identifier":{"reference":{"__symbol":14,"members":[]}}}},{"selectors":[{"identifier":{"reference":{"__symbol":15,"members":[]}}}],"first":true,"descendants":true,"propertyName":"_nextInput","read":null}],"entryComponents":[],"changeDetection":1,"template":{"animations":[],"ngContentSelectors":[],"encapsulation":2},"componentViewType":{"__symbol":16,"members":[]},"rendererType":{"__symbol":17,"members":[]},"componentFactory":{"__symbol":18,"members":[]}}},{"symbol":{"__symbol":1,"members":[]},"metadata":{"__symbolic":"function"}},{"symbol":{"__symbol":2,"members":[]},"metadata":{"__symbolic":"interface"}}],"symbols":[{"__symbol":0,"name":"TextInput","filePath":"/Users/adam/git/ionic2/dist/ionic-angular/components/input/input.d.ts"},{"__symbol":1,"name":"getScrollData","filePath":"/Users/adam/git/ionic2/dist/ionic-angular/components/input/input.d.ts"},{"__symbol":2,"name":"ScrollData","filePath":"/Users/adam/git/ionic2/dist/ionic-angular/components/input/input.d.ts"},{"__symbol":3,"name":"Config","filePath":"/Users/adam/git/ionic2/dist/ionic-angular/config/config.d.ts"},{"__symbol":4,"name":"Platform","filePath":"/Users/adam/git/ionic2/dist/ionic-angular/platform/platform.d.ts"},{"__symbol":5,"name":"Form","filePath":"/Users/adam/git/ionic2/dist/ionic-angular/util/form.d.ts"},{"__symbol":6,"name":"App","filePath":"/Users/adam/git/ionic2/dist/ionic-angular/components/app/app.d.ts"},{"__symbol":7,"name":"ElementRef","filePath":"/Users/adam/git/ionic2/node_modules/@angular/core/core.d.ts"},{"__symbol":8,"name":"Renderer","filePath":"/Users/adam/git/ionic2/node_modules/@angular/core/core.d.ts"},{"__symbol":9,"name":"Content","filePath":"/Users/adam/git/ionic2/dist/ionic-angular/components/content/content.d.ts"},{"__symbol":10,"name":"Item","filePath":"/Users/adam/git/ionic2/dist/ionic-angular/components/item/item.d.ts"},{"__symbol":11,"name":"NavController","filePath":"/Users/adam/git/ionic2/dist/ionic-angular/navigation/nav-controller.d.ts"},{"__symbol":12,"name":"NgControl","filePath":"/Users/adam/git/ionic2/node_modules/@angular/forms/forms.d.ts"},{"__symbol":13,"name":"DomController","filePath":"/Users/adam/git/ionic2/dist/ionic-angular/platform/dom-controller.d.ts"},{"__symbol":14,"name":"NativeInput","filePath":"/Users/adam/git/ionic2/dist/ionic-angular/components/input/native-input.d.ts"},{"__symbol":15,"name":"NextInput","filePath":"/Users/adam/git/ionic2/dist/ionic-angular/components/input/next-input.d.ts"},{"__symbol":16,"name":"View_TextInput_0","filePath":"/Users/adam/git/ionic2/dist/ionic-angular/components/input/input.ngfactory.d.ts"},{"__symbol":17,"name":"RenderType_TextInput","filePath":"/Users/adam/git/ionic2/dist/ionic-angular/components/input/input.ngfactory.d.ts"},{"__symbol":18,"name":"TextInputNgFactory","filePath":"/Users/adam/git/ionic2/dist/ionic-angular/components/input/input.ngfactory.d.ts"}]}