[{"__symbolic":"module","version":3,"metadata":{"NativeInput":{"__symbolic":"class","decorators":[{"__symbolic":"call","expression":{"__symbolic":"reference","module":"@angular/core","name":"Directive"},"arguments":[{"selector":".text-input"}]}],"members":{"focusChange":[{"__symbolic":"property","decorators":[{"__symbolic":"call","expression":{"__symbolic":"reference","module":"@angular/core","name":"Output"}}]}],"valueChange":[{"__symbolic":"property","decorators":[{"__symbolic":"call","expression":{"__symbolic":"reference","module":"@angular/core","name":"Output"}}]}],"keydown":[{"__symbolic":"property","decorators":[{"__symbolic":"call","expression":{"__symbolic":"reference","module":"@angular/core","name":"Output"}}]}],"__ctor__":[{"__symbolic":"constructor","parameters":[{"__symbolic":"reference","module":"@angular/core","name":"ElementRef"},{"__symbolic":"reference","module":"@angular/core","name":"Renderer"},{"__symbolic":"reference","module":"../../config/config","name":"Config"},{"__symbolic":"reference","module":"../../platform/platform","name":"Platform"},{"__symbolic":"reference","module":"@angular/forms","name":"NgControl"}]}],"_change":[{"__symbolic":"method","decorators":[{"__symbolic":"call","expression":{"__symbolic":"reference","module":"@angular/core","name":"HostListener"},"arguments":["input",["$event"]]}]}],"_keyDown":[{"__symbolic":"method","decorators":[{"__symbolic":"call","expression":{"__symbolic":"reference","module":"@angular/core","name":"HostListener"},"arguments":["keydown",["$event"]]}]}],"_focus":[{"__symbolic":"method","decorators":[{"__symbolic":"call","expression":{"__symbolic":"reference","module":"@angular/core","name":"HostListener"},"arguments":["focus"]}]}],"_blur":[{"__symbolic":"method","decorators":[{"__symbolic":"call","expression":{"__symbolic":"reference","module":"@angular/core","name":"HostListener"},"arguments":["blur"]}]}],"labelledBy":[{"__symbolic":"method"}],"isDisabled":[{"__symbolic":"method"}],"setFocus":[{"__symbolic":"method"}],"beginFocus":[{"__symbolic":"method"}],"hideFocus":[{"__symbolic":"method"}],"setValue":[{"__symbolic":"method"}],"getValue":[{"__symbolic":"method"}],"setMin":[{"__symbolic":"method"}],"setMax":[{"__symbolic":"method"}],"setStep":[{"__symbolic":"method"}],"setElementClass":[{"__symbolic":"method"}],"element":[{"__symbolic":"method"}],"ngOnDestroy":[{"__symbolic":"method"}]}}}},{"__symbolic":"module","version":1,"metadata":{"NativeInput":{"__symbolic":"class","decorators":[{"__symbolic":"call","expression":{"__symbolic":"reference","module":"@angular/core","name":"Directive"},"arguments":[{"selector":".text-input"}]}],"members":{"focusChange":[{"__symbolic":"property","decorators":[{"__symbolic":"call","expression":{"__symbolic":"reference","module":"@angular/core","name":"Output"}}]}],"valueChange":[{"__symbolic":"property","decorators":[{"__symbolic":"call","expression":{"__symbolic":"reference","module":"@angular/core","name":"Output"}}]}],"keydown":[{"__symbolic":"property","decorators":[{"__symbolic":"call","expression":{"__symbolic":"reference","module":"@angular/core","name":"Output"}}]}],"__ctor__":[{"__symbolic":"constructor","parameters":[{"__symbolic":"reference","module":"@angular/core","name":"ElementRef"},{"__symbolic":"reference","module":"@angular/core","name":"Renderer"},{"__symbolic":"reference","module":"../../config/config","name":"Config"},{"__symbolic":"reference","module":"../../platform/platform","name":"Platform"},{"__symbolic":"reference","module":"@angular/forms","name":"NgControl"}]}],"_change":[{"__symbolic":"method","decorators":[{"__symbolic":"call","expression":{"__symbolic":"reference","module":"@angular/core","name":"HostListener"},"arguments":["input",["$event"]]}]}],"_keyDown":[{"__symbolic":"method","decorators":[{"__symbolic":"call","expression":{"__symbolic":"reference","module":"@angular/core","name":"HostListener"},"arguments":["keydown",["$event"]]}]}],"_focus":[{"__symbolic":"method","decorators":[{"__symbolic":"call","expression":{"__symbolic":"reference","module":"@angular/core","name":"HostListener"},"arguments":["focus"]}]}],"_blur":[{"__symbolic":"method","decorators":[{"__symbolic":"call","expression":{"__symbolic":"reference","module":"@angular/core","name":"HostListener"},"arguments":["blur"]}]}],"labelledBy":[{"__symbolic":"method"}],"isDisabled":[{"__symbolic":"method"}],"setFocus":[{"__symbolic":"method"}],"beginFocus":[{"__symbolic":"method"}],"hideFocus":[{"__symbolic":"method"}],"setValue":[{"__symbolic":"method"}],"getValue":[{"__symbolic":"method"}],"setMin":[{"__symbolic":"method"}],"setMax":[{"__symbolic":"method"}],"setStep":[{"__symbolic":"method"}],"setElementClass":[{"__symbolic":"method"}],"element":[{"__symbolic":"method"}],"ngOnDestroy":[{"__symbolic":"method"}]}}}}]