{"summaries":[{"symbol":{"__symbol":0,"members":[]},"metadata":{"__symbolic":"class"},"type":{"summaryKind":1,"type":{"reference":{"__symbol":0,"members":[]},"diDeps":[],"lifecycleHooks":[]},"isComponent":false,"selector":"[next-input]","inputs":{},"outputs":{"focused":"focused"},"hostListeners":{"focus":"receivedFocus()"},"hostProperties":{},"hostAttributes":{},"providers":[],"viewProviders":[],"queries":[],"viewQueries":[],"entryComponents":[],"changeDetection":null,"template":null}}],"symbols":[{"__symbol":0,"name":"NextInput","filePath":"/Users/adam/git/ionic2/dist/ionic-angular/components/input/next-input.d.ts"}]}