{"summaries":[{"symbol":{"__symbol":0,"members":[]},"metadata":{"__symbolic":"class"},"type":{"summaryKind":1,"type":{"reference":{"__symbol":0,"members":[]},"diDeps":[{"isAttribute":false,"isHost":true,"isSelf":false,"isSkipSelf":false,"isOptional":false,"token":{"identifier":{"reference":{"__symbol":1,"members":[]}}}},{"isAttribute":false,"isHost":false,"isSelf":false,"isSkipSelf":false,"isOptional":true,"token":{"identifier":{"reference":{"__symbol":2,"members":[]}}}}],"lifecycleHooks":[4]},"isComponent":false,"selector":"a[navPush]","inputs":{},"outputs":{},"hostListeners":{},"hostProperties":{"attr.href":"_href"},"hostAttributes":{},"providers":[],"viewProviders":[],"queries":[],"viewQueries":[],"entryComponents":[],"changeDetection":null,"template":null}}],"symbols":[{"__symbol":0,"name":"NavPushAnchor","filePath":"/Users/adam/git/ionic2/dist/ionic-angular/components/nav/nav-push-anchor.d.ts"},{"__symbol":1,"name":"NavPush","filePath":"/Users/adam/git/ionic2/dist/ionic-angular/components/nav/nav-push.d.ts"},{"__symbol":2,"name":"DeepLinker","filePath":"/Users/adam/git/ionic2/dist/ionic-angular/navigation/deep-linker.d.ts"}]}