[{"__symbolic":"module","version":3,"metadata":{"NavPushAnchor":{"__symbolic":"class","decorators":[{"__symbolic":"call","expression":{"__symbolic":"reference","module":"@angular/core","name":"Directive"},"arguments":[{"selector":"a[navPush]","host":{"[attr.href]":"_href","$quoted$":["[attr.href]"]}}]}],"members":{"__ctor__":[{"__symbolic":"constructor","parameterDecorators":[[{"__symbolic":"call","expression":{"__symbolic":"reference","module":"@angular/core","name":"Host"}}],[{"__symbolic":"call","expression":{"__symbolic":"reference","module":"@angular/core","name":"Optional"}}]],"parameters":[{"__symbolic":"reference","module":"./nav-push","name":"NavPush"},{"__symbolic":"reference","module":"../../navigation/deep-linker","name":"DeepLinker"}]}],"updateHref":[{"__symbolic":"method"}],"ngAfterContentInit":[{"__symbolic":"method"}]}}}},{"__symbolic":"module","version":1,"metadata":{"NavPushAnchor":{"__symbolic":"class","decorators":[{"__symbolic":"call","expression":{"__symbolic":"reference","module":"@angular/core","name":"Directive"},"arguments":[{"selector":"a[navPush]","host":{"[attr.href]":"_href"}}]}],"members":{"__ctor__":[{"__symbolic":"constructor","parameterDecorators":[[{"__symbolic":"call","expression":{"__symbolic":"reference","module":"@angular/core","name":"Host"}}],[{"__symbolic":"call","expression":{"__symbolic":"reference","module":"@angular/core","name":"Optional"}}]],"parameters":[{"__symbolic":"reference","module":"./nav-push","name":"NavPush"},{"__symbolic":"reference","module":"../../navigation/deep-linker","name":"DeepLinker"}]}],"updateHref":[{"__symbolic":"method"}],"ngAfterContentInit":[{"__symbolic":"method"}]}}}}]