{"summaries":[{"symbol":{"__symbol":0,"members":[]},"metadata":{"__symbolic":"class"},"type":{"summaryKind":1,"type":{"reference":{"__symbol":0,"members":[]},"diDeps":[{"isAttribute":false,"isHost":false,"isSelf":false,"isSkipSelf":false,"isOptional":true,"token":{"identifier":{"reference":{"__symbol":1,"members":[]}}}}],"lifecycleHooks":[]},"isComponent":false,"selector":"[navPush]","inputs":{"navPush":"navPush","navParams":"navParams"},"outputs":{},"hostListeners":{"click":"onClick()"},"hostProperties":{},"hostAttributes":{},"providers":[],"viewProviders":[],"queries":[],"viewQueries":[],"entryComponents":[],"changeDetection":null,"template":null}}],"symbols":[{"__symbol":0,"name":"NavPush","filePath":"/Users/adam/git/ionic2/dist/ionic-angular/components/nav/nav-push.d.ts"},{"__symbol":1,"name":"NavController","filePath":"/Users/adam/git/ionic2/dist/ionic-angular/navigation/nav-controller.d.ts"}]}