[{"__symbolic":"module","version":3,"metadata":{"NavPopAnchor":{"__symbolic":"class","decorators":[{"__symbolic":"call","expression":{"__symbolic":"reference","module":"@angular/core","name":"Directive"},"arguments":[{"selector":"a[navPop]","host":{"[attr.href]":"_href","$quoted$":["[attr.href]"]}}]}],"members":{"__ctor__":[{"__symbolic":"constructor","parameterDecorators":[[{"__symbolic":"call","expression":{"__symbolic":"reference","module":"@angular/core","name":"Optional"}}],null,[{"__symbolic":"call","expression":{"__symbolic":"reference","module":"@angular/core","name":"Optional"}}]],"parameters":[{"__symbolic":"reference","module":"./nav-pop","name":"NavPop"},{"__symbolic":"reference","module":"../../navigation/deep-linker","name":"DeepLinker"},{"__symbolic":"reference","module":"../../navigation/view-controller","name":"ViewController"}]}],"updateHref":[{"__symbolic":"method"}],"ngAfterContentInit":[{"__symbolic":"method"}]}}}},{"__symbolic":"module","version":1,"metadata":{"NavPopAnchor":{"__symbolic":"class","decorators":[{"__symbolic":"call","expression":{"__symbolic":"reference","module":"@angular/core","name":"Directive"},"arguments":[{"selector":"a[navPop]","host":{"[attr.href]":"_href"}}]}],"members":{"__ctor__":[{"__symbolic":"constructor","parameterDecorators":[[{"__symbolic":"call","expression":{"__symbolic":"reference","module":"@angular/core","name":"Optional"}}],null,[{"__symbolic":"call","expression":{"__symbolic":"reference","module":"@angular/core","name":"Optional"}}]],"parameters":[{"__symbolic":"reference","module":"./nav-pop","name":"NavPop"},{"__symbolic":"reference","module":"../../navigation/deep-linker","name":"DeepLinker"},{"__symbolic":"reference","module":"../../navigation/view-controller","name":"ViewController"}]}],"updateHref":[{"__symbolic":"method"}],"ngAfterContentInit":[{"__symbolic":"method"}]}}}}]