[{"__symbolic":"module","version":3,"metadata":{"Nav":{"__symbolic":"class","extends":{"__symbolic":"reference","module":"../../navigation/nav-controller-base","name":"NavControllerBase"},"decorators":[{"__symbolic":"call","expression":{"__symbolic":"reference","module":"@angular/core","name":"Component"},"arguments":[{"selector":"ion-nav","template":"<div #viewport nav-viewport></div><div class=\"nav-decor\"></div>","encapsulation":{"__symbolic":"select","expression":{"__symbolic":"reference","module":"@angular/core","name":"ViewEncapsulation"},"member":"None"},"providers":[{"provide":{"__symbolic":"reference","module":"../split-pane/split-pane","name":"RootNode"},"useExisting":{"__symbolic":"reference","name":"Nav"}}]}]}],"members":{"__ctor__":[{"__symbolic":"constructor","parameterDecorators":[[{"__symbolic":"call","expression":{"__symbolic":"reference","module":"@angular/core","name":"Optional"}}],[{"__symbolic":"call","expression":{"__symbolic":"reference","module":"@angular/core","name":"Optional"}}],null,null,null,null,null,null,null,null,null,null,[{"__symbolic":"call","expression":{"__symbolic":"reference","module":"@angular/core","name":"Optional"}}],null],"parameters":[{"__symbolic":"reference","module":"../../navigation/view-controller","name":"ViewController"},{"__symbolic":"reference","module":"../../navigation/nav-controller","name":"NavController"},{"__symbolic":"reference","module":"../app/app","name":"App"},{"__symbolic":"reference","module":"../../config/config","name":"Config"},{"__symbolic":"reference","module":"../../platform/platform","name":"Platform"},{"__symbolic":"reference","module":"../../platform/keyboard","name":"Keyboard"},{"__symbolic":"reference","module":"@angular/core","name":"ElementRef"},{"__symbolic":"reference","module":"@angular/core","name":"NgZone"},{"__symbolic":"reference","module":"@angular/core","name":"Renderer"},{"__symbolic":"reference","module":"@angular/core","name":"ComponentFactoryResolver"},{"__symbolic":"reference","module":"../../gestures/gesture-controller","name":"GestureController"},{"__symbolic":"reference","module":"../../transitions/transition-controller","name":"TransitionController"},{"__symbolic":"reference","module":"../../navigation/deep-linker","name":"DeepLinker"},{"__symbolic":"reference","module":"../../platform/dom-controller","name":"DomController"}]}],"_vp":[{"__symbolic":"property","decorators":[{"__symbolic":"call","expression":{"__symbolic":"reference","module":"@angular/core","name":"ViewChild"},"arguments":["viewport",{"read":{"__symbolic":"reference","module":"@angular/core","name":"ViewContainerRef"}}]}]}],"ngAfterViewInit":[{"__symbolic":"method"}],"goToRoot":[{"__symbolic":"method"}],"root":[{"__symbolic":"property","decorators":[{"__symbolic":"call","expression":{"__symbolic":"reference","module":"@angular/core","name":"Input"}}]}],"rootParams":[{"__symbolic":"property","decorators":[{"__symbolic":"call","expression":{"__symbolic":"reference","module":"@angular/core","name":"Input"}}]}],"ngOnDestroy":[{"__symbolic":"method"}],"initPane":[{"__symbolic":"method"}],"paneChanged":[{"__symbolic":"method"}]}}}},{"__symbolic":"module","version":1,"metadata":{"Nav":{"__symbolic":"class","extends":{"__symbolic":"reference","module":"../../navigation/nav-controller-base","name":"NavControllerBase"},"decorators":[{"__symbolic":"call","expression":{"__symbolic":"reference","module":"@angular/core","name":"Component"},"arguments":[{"selector":"ion-nav","template":"<div #viewport nav-viewport></div><div class=\"nav-decor\"></div>","encapsulation":{"__symbolic":"select","expression":{"__symbolic":"reference","module":"@angular/core","name":"ViewEncapsulation"},"member":"None"},"providers":[{"provide":{"__symbolic":"reference","module":"../split-pane/split-pane","name":"RootNode"},"useExisting":{"__symbolic":"reference","name":"Nav"}}]}]}],"members":{"__ctor__":[{"__symbolic":"constructor","parameterDecorators":[[{"__symbolic":"call","expression":{"__symbolic":"reference","module":"@angular/core","name":"Optional"}}],[{"__symbolic":"call","expression":{"__symbolic":"reference","module":"@angular/core","name":"Optional"}}],null,null,null,null,null,null,null,null,null,null,[{"__symbolic":"call","expression":{"__symbolic":"reference","module":"@angular/core","name":"Optional"}}],null],"parameters":[{"__symbolic":"reference","module":"../../navigation/view-controller","name":"ViewController"},{"__symbolic":"reference","module":"../../navigation/nav-controller","name":"NavController"},{"__symbolic":"reference","module":"../app/app","name":"App"},{"__symbolic":"reference","module":"../../config/config","name":"Config"},{"__symbolic":"reference","module":"../../platform/platform","name":"Platform"},{"__symbolic":"reference","module":"../../platform/keyboard","name":"Keyboard"},{"__symbolic":"reference","module":"@angular/core","name":"ElementRef"},{"__symbolic":"reference","module":"@angular/core","name":"NgZone"},{"__symbolic":"reference","module":"@angular/core","name":"Renderer"},{"__symbolic":"reference","module":"@angular/core","name":"ComponentFactoryResolver"},{"__symbolic":"reference","module":"../../gestures/gesture-controller","name":"GestureController"},{"__symbolic":"reference","module":"../../transitions/transition-controller","name":"TransitionController"},{"__symbolic":"reference","module":"../../navigation/deep-linker","name":"DeepLinker"},{"__symbolic":"reference","module":"../../platform/dom-controller","name":"DomController"}]}],"_vp":[{"__symbolic":"property","decorators":[{"__symbolic":"call","expression":{"__symbolic":"reference","module":"@angular/core","name":"ViewChild"},"arguments":["viewport",{"read":{"__symbolic":"reference","module":"@angular/core","name":"ViewContainerRef"}}]}]}],"ngAfterViewInit":[{"__symbolic":"method"}],"goToRoot":[{"__symbolic":"method"}],"root":[{"__symbolic":"property","decorators":[{"__symbolic":"call","expression":{"__symbolic":"reference","module":"@angular/core","name":"Input"}}]}],"rootParams":[{"__symbolic":"property","decorators":[{"__symbolic":"call","expression":{"__symbolic":"reference","module":"@angular/core","name":"Input"}}]}],"ngOnDestroy":[{"__symbolic":"method"}],"initPane":[{"__symbolic":"method"}],"paneChanged":[{"__symbolic":"method"}]}}}}]