[{"__symbolic":"module","version":3,"metadata":{"NavModule":{"__symbolic":"class","decorators":[{"__symbolic":"call","expression":{"__symbolic":"reference","module":"@angular/core","name":"NgModule"},"arguments":[{"declarations":[{"__symbolic":"reference","module":"./nav","name":"Nav"},{"__symbolic":"reference","module":"./nav-pop","name":"NavPop"},{"__symbolic":"reference","module":"./nav-pop-anchor","name":"NavPopAnchor"},{"__symbolic":"reference","module":"./nav-push","name":"NavPush"},{"__symbolic":"reference","module":"./nav-push-anchor","name":"NavPushAnchor"},{"__symbolic":"reference","module":"./overlay-portal","name":"OverlayPortal"}],"exports":[{"__symbolic":"reference","module":"./nav","name":"Nav"},{"__symbolic":"reference","module":"./nav-pop","name":"NavPop"},{"__symbolic":"reference","module":"./nav-pop-anchor","name":"NavPopAnchor"},{"__symbolic":"reference","module":"./nav-push","name":"NavPush"},{"__symbolic":"reference","module":"./nav-push-anchor","name":"NavPushAnchor"},{"__symbolic":"reference","module":"./overlay-portal","name":"OverlayPortal"}]}]}],"statics":{"forRoot":{"__symbolic":"function","parameters":[],"value":{"ngModule":{"__symbolic":"reference","name":"NavModule"},"providers":[]}}}}}},{"__symbolic":"module","version":1,"metadata":{"NavModule":{"__symbolic":"class","decorators":[{"__symbolic":"call","expression":{"__symbolic":"reference","module":"@angular/core","name":"NgModule"},"arguments":[{"declarations":[{"__symbolic":"reference","module":"./nav","name":"Nav"},{"__symbolic":"reference","module":"./nav-pop","name":"NavPop"},{"__symbolic":"reference","module":"./nav-pop-anchor","name":"NavPopAnchor"},{"__symbolic":"reference","module":"./nav-push","name":"NavPush"},{"__symbolic":"reference","module":"./nav-push-anchor","name":"NavPushAnchor"},{"__symbolic":"reference","module":"./overlay-portal","name":"OverlayPortal"}],"exports":[{"__symbolic":"reference","module":"./nav","name":"Nav"},{"__symbolic":"reference","module":"./nav-pop","name":"NavPop"},{"__symbolic":"reference","module":"./nav-pop-anchor","name":"NavPopAnchor"},{"__symbolic":"reference","module":"./nav-push","name":"NavPush"},{"__symbolic":"reference","module":"./nav-push-anchor","name":"NavPushAnchor"},{"__symbolic":"reference","module":"./overlay-portal","name":"OverlayPortal"}]}]}],"statics":{"forRoot":{"__symbolic":"function","parameters":[],"value":{"ngModule":{"__symbolic":"reference","name":"NavModule"},"providers":[]}}}}}}]