{"summaries":[{"symbol":{"__symbol":0,"members":[]},"metadata":{"__symbolic":"class"},"type":{"summaryKind":1,"type":{"reference":{"__symbol":0,"members":[]},"diDeps":[{"isAttribute":false,"isHost":false,"isSelf":false,"isSkipSelf":false,"isOptional":true,"token":{"identifier":{"reference":{"__symbol":1,"members":[]}}}},{"isAttribute":false,"isHost":false,"isSelf":false,"isSkipSelf":false,"isOptional":true,"token":{"identifier":{"reference":{"__symbol":2,"members":[]}}}},{"isAttribute":false,"isHost":false,"isSelf":false,"isSkipSelf":false,"isOptional":false,"token":{"identifier":{"reference":{"__symbol":3,"members":[]}}}},{"isAttribute":false,"isHost":false,"isSelf":false,"isSkipSelf":false,"isOptional":false,"token":{"identifier":{"reference":{"__symbol":4,"members":[]}}}},{"isAttribute":false,"isHost":false,"isSelf":false,"isSkipSelf":false,"isOptional":false,"token":{"identifier":{"reference":{"__symbol":5,"members":[]}}}},{"isAttribute":false,"isHost":false,"isSelf":false,"isSkipSelf":false,"isOptional":false,"token":{"identifier":{"reference":{"__symbol":6,"members":[]}}}},{"isAttribute":false,"isHost":false,"isSelf":false,"isSkipSelf":false,"isOptional":false,"token":{"identifier":{"reference":{"__symbol":7,"members":[]}}}},{"isAttribute":false,"isHost":false,"isSelf":false,"isSkipSelf":false,"isOptional":false,"token":{"identifier":{"reference":{"__symbol":8,"members":[]}}}},{"isAttribute":false,"isHost":false,"isSelf":false,"isSkipSelf":false,"isOptional":false,"token":{"identifier":{"reference":{"__symbol":9,"members":[]}}}},{"isAttribute":false,"isHost":false,"isSelf":false,"isSkipSelf":false,"isOptional":false,"token":{"identifier":{"reference":{"__symbol":10,"members":[]}}}},{"isAttribute":false,"isHost":false,"isSelf":false,"isSkipSelf":false,"isOptional":false,"token":{"identifier":{"reference":{"__symbol":11,"members":[]}}}},{"isAttribute":false,"isHost":false,"isSelf":false,"isSkipSelf":false,"isOptional":false,"token":{"identifier":{"reference":{"__symbol":12,"members":[]}}}},{"isAttribute":false,"isHost":false,"isSelf":false,"isSkipSelf":false,"isOptional":true,"token":{"identifier":{"reference":{"__symbol":13,"members":[]}}}},{"isAttribute":false,"isHost":false,"isSelf":false,"isSkipSelf":false,"isOptional":false,"token":{"identifier":{"reference":{"__symbol":14,"members":[]}}}}],"lifecycleHooks":[1,6]},"isComponent":true,"selector":"ion-nav","inputs":{"color":"color","mode":"mode","swipeBackEnabled":"swipeBackEnabled","root":"root","rootParams":"rootParams"},"outputs":{},"hostListeners":{},"hostProperties":{},"hostAttributes":{},"providers":[{"token":{"identifier":{"reference":{"__symbol":15,"members":[]}}},"useClass":null,"useFactory":null,"useExisting":{"identifier":{"reference":{"__symbol":0,"members":[]}}},"multi":false}],"viewProviders":[],"queries":[],"viewQueries":[{"selectors":[{"value":"viewport"}],"first":true,"descendants":true,"propertyName":"_vp","read":{"identifier":{"reference":{"__symbol":16,"members":[]}}}}],"entryComponents":[],"changeDetection":1,"template":{"animations":[],"ngContentSelectors":[],"encapsulation":2},"componentViewType":{"__symbol":17,"members":[]},"rendererType":{"__symbol":18,"members":[]},"componentFactory":{"__symbol":19,"members":[]}}}],"symbols":[{"__symbol":0,"name":"Nav","filePath":"/Users/adam/git/ionic2/dist/ionic-angular/components/nav/nav.d.ts"},{"__symbol":1,"name":"ViewController","filePath":"/Users/adam/git/ionic2/dist/ionic-angular/navigation/view-controller.d.ts"},{"__symbol":2,"name":"NavController","filePath":"/Users/adam/git/ionic2/dist/ionic-angular/navigation/nav-controller.d.ts"},{"__symbol":3,"name":"App","filePath":"/Users/adam/git/ionic2/dist/ionic-angular/components/app/app.d.ts"},{"__symbol":4,"name":"Config","filePath":"/Users/adam/git/ionic2/dist/ionic-angular/config/config.d.ts"},{"__symbol":5,"name":"Platform","filePath":"/Users/adam/git/ionic2/dist/ionic-angular/platform/platform.d.ts"},{"__symbol":6,"name":"Keyboard","filePath":"/Users/adam/git/ionic2/dist/ionic-angular/platform/keyboard.d.ts"},{"__symbol":7,"name":"ElementRef","filePath":"/Users/adam/git/ionic2/node_modules/@angular/core/core.d.ts"},{"__symbol":8,"name":"NgZone","filePath":"/Users/adam/git/ionic2/node_modules/@angular/core/core.d.ts"},{"__symbol":9,"name":"Renderer","filePath":"/Users/adam/git/ionic2/node_modules/@angular/core/core.d.ts"},{"__symbol":10,"name":"ComponentFactoryResolver","filePath":"/Users/adam/git/ionic2/node_modules/@angular/core/core.d.ts"},{"__symbol":11,"name":"GestureController","filePath":"/Users/adam/git/ionic2/dist/ionic-angular/gestures/gesture-controller.d.ts"},{"__symbol":12,"name":"TransitionController","filePath":"/Users/adam/git/ionic2/dist/ionic-angular/transitions/transition-controller.d.ts"},{"__symbol":13,"name":"DeepLinker","filePath":"/Users/adam/git/ionic2/dist/ionic-angular/navigation/deep-linker.d.ts"},{"__symbol":14,"name":"DomController","filePath":"/Users/adam/git/ionic2/dist/ionic-angular/platform/dom-controller.d.ts"},{"__symbol":15,"name":"RootNode","filePath":"/Users/adam/git/ionic2/dist/ionic-angular/components/split-pane/split-pane.d.ts"},{"__symbol":16,"name":"ViewContainerRef","filePath":"/Users/adam/git/ionic2/node_modules/@angular/core/core.d.ts"},{"__symbol":17,"name":"View_Nav_0","filePath":"/Users/adam/git/ionic2/dist/ionic-angular/components/nav/nav.ngfactory.d.ts"},{"__symbol":18,"name":"RenderType_Nav","filePath":"/Users/adam/git/ionic2/dist/ionic-angular/components/nav/nav.ngfactory.d.ts"},{"__symbol":19,"name":"NavNgFactory","filePath":"/Users/adam/git/ionic2/dist/ionic-angular/components/nav/nav.ngfactory.d.ts"}]}