{"summaries":[{"symbol":{"__symbol":0,"members":[]},"metadata":{"__symbolic":"class","statics":{"forRoot":{"__symbolic":"function","parameters":[],"value":{"ngModule":{"__symbol":0,"members":[]},"providers":[]}}}},"type":{"summaryKind":2,"type":{"reference":{"__symbol":0,"members":[]},"diDeps":[],"lifecycleHooks":[]},"entryComponents":[],"providers":[],"modules":[{"reference":{"__symbol":0,"members":[]},"diDeps":[],"lifecycleHooks":[]}],"exportedDirectives":[{"reference":{"__symbol":1,"members":[]}},{"reference":{"__symbol":2,"members":[]}},{"reference":{"__symbol":3,"members":[]}},{"reference":{"__symbol":4,"members":[]}},{"reference":{"__symbol":5,"members":[]}},{"reference":{"__symbol":6,"members":[]}}],"exportedPipes":[]}}],"symbols":[{"__symbol":0,"name":"NavModule","filePath":"/Users/adam/git/ionic2/dist/ionic-angular/components/nav/nav.module.d.ts"},{"__symbol":1,"name":"Nav","filePath":"/Users/adam/git/ionic2/dist/ionic-angular/components/nav/nav.d.ts"},{"__symbol":2,"name":"NavPop","filePath":"/Users/adam/git/ionic2/dist/ionic-angular/components/nav/nav-pop.d.ts"},{"__symbol":3,"name":"NavPopAnchor","filePath":"/Users/adam/git/ionic2/dist/ionic-angular/components/nav/nav-pop-anchor.d.ts"},{"__symbol":4,"name":"NavPush","filePath":"/Users/adam/git/ionic2/dist/ionic-angular/components/nav/nav-push.d.ts"},{"__symbol":5,"name":"NavPushAnchor","filePath":"/Users/adam/git/ionic2/dist/ionic-angular/components/nav/nav-push-anchor.d.ts"},{"__symbol":6,"name":"OverlayPortal","filePath":"/Users/adam/git/ionic2/dist/ionic-angular/components/nav/overlay-portal.d.ts"}]}