{"summaries":[{"symbol":{"__symbol":0,"members":[]},"metadata":{"__symbolic":"class"}},{"symbol":{"__symbol":1,"members":[]},"metadata":{"__symbolic":"interface"}},{"symbol":{"__symbol":2,"members":[]},"metadata":{"__symbolic":"interface"}},{"symbol":{"__symbol":3,"members":[]},"metadata":{"__symbolic":"interface"}},{"symbol":{"__symbol":4,"members":[]},"metadata":{"__symbolic":"interface"}}],"symbols":[{"__symbol":0,"name":"Animation","filePath":"/Users/adam/git/ionic2/dist/ionic-angular/animations/animation.d.ts"},{"__symbol":1,"name":"AnimationOptions","filePath":"/Users/adam/git/ionic2/dist/ionic-angular/animations/animation.d.ts"},{"__symbol":2,"name":"PlayOptions","filePath":"/Users/adam/git/ionic2/dist/ionic-angular/animations/animation.d.ts"},{"__symbol":3,"name":"EffectProperty","filePath":"/Users/adam/git/ionic2/dist/ionic-angular/animations/animation.d.ts"},{"__symbol":4,"name":"EffectState","filePath":"/Users/adam/git/ionic2/dist/ionic-angular/animations/animation.d.ts"}]}