[{"__symbolic":"module","version":3,"metadata":{"Animation":{"__symbolic":"class","members":{"__ctor__":[{"__symbolic":"constructor","parameters":[{"__symbolic":"reference","module":"../platform/platform","name":"Platform"},{"__symbolic":"reference","name":"any"},{"__symbolic":"reference","name":"any"}]}],"element":[{"__symbolic":"method"}],"_addEle":[{"__symbolic":"method"}],"add":[{"__symbolic":"method"}],"getDuration":[{"__symbolic":"method"}],"duration":[{"__symbolic":"method"}],"getEasing":[{"__symbolic":"method"}],"easing":[{"__symbolic":"method"}],"easingReverse":[{"__symbolic":"method"}],"from":[{"__symbolic":"method"}],"to":[{"__symbolic":"method"}],"fromTo":[{"__symbolic":"method"}],"_getProp":[{"__symbolic":"method"}],"_addProp":[{"__symbolic":"method"}],"beforeAddClass":[{"__symbolic":"method"}],"beforeRemoveClass":[{"__symbolic":"method"}],"beforeStyles":[{"__symbolic":"method"}],"beforeClearStyles":[{"__symbolic":"method"}],"beforeAddRead":[{"__symbolic":"method"}],"beforeAddWrite":[{"__symbolic":"method"}],"afterAddClass":[{"__symbolic":"method"}],"afterRemoveClass":[{"__symbolic":"method"}],"afterStyles":[{"__symbolic":"method"}],"afterClearStyles":[{"__symbolic":"method"}],"play":[{"__symbolic":"method"}],"syncPlay":[{"__symbolic":"method"}],"_playInit":[{"__symbolic":"method"}],"_playDomInspect":[{"__symbolic":"method"}],"_playProgress":[{"__symbolic":"method"}],"_playToStep":[{"__symbolic":"method"}],"_asyncEnd":[{"__symbolic":"method"}],"_playEnd":[{"__symbolic":"method"}],"_hasDuration":[{"__symbolic":"method"}],"_hasDomReads":[{"__symbolic":"method"}],"stop":[{"__symbolic":"method"}],"_clearAsync":[{"__symbolic":"method"}],"_progress":[{"__symbolic":"method"}],"_setTrans":[{"__symbolic":"method"}],"_beforeAnimation":[{"__symbolic":"method"}],"_setBeforeStyles":[{"__symbolic":"method"}],"_fireBeforeReadFunc":[{"__symbolic":"method"}],"_fireBeforeWriteFunc":[{"__symbolic":"method"}],"_setAfterStyles":[{"__symbolic":"method"}],"_willChg":[{"__symbolic":"method"}],"progressStart":[{"__symbolic":"method"}],"_progressStart":[{"__symbolic":"method"}],"progressStep":[{"__symbolic":"method"}],"progressEnd":[{"__symbolic":"method"}],"_progressEnd":[{"__symbolic":"method"}],"onFinish":[{"__symbolic":"method"}],"_didFinishAll":[{"__symbolic":"method"}],"_didFinish":[{"__symbolic":"method"}],"reverse":[{"__symbolic":"method"}],"destroy":[{"__symbolic":"method"}],"_transEl":[{"__symbolic":"method"}]}},"AnimationOptions":{"__symbolic":"interface"},"PlayOptions":{"__symbolic":"interface"},"EffectProperty":{"__symbolic":"interface"},"EffectState":{"__symbolic":"interface"}}},{"__symbolic":"module","version":1,"metadata":{"Animation":{"__symbolic":"class","members":{"__ctor__":[{"__symbolic":"constructor","parameters":[{"__symbolic":"reference","module":"../platform/platform","name":"Platform"},{"__symbolic":"reference","name":"any"},{"__symbolic":"reference","name":"any"}]}],"element":[{"__symbolic":"method"}],"_addEle":[{"__symbolic":"method"}],"add":[{"__symbolic":"method"}],"getDuration":[{"__symbolic":"method"}],"duration":[{"__symbolic":"method"}],"getEasing":[{"__symbolic":"method"}],"easing":[{"__symbolic":"method"}],"easingReverse":[{"__symbolic":"method"}],"from":[{"__symbolic":"method"}],"to":[{"__symbolic":"method"}],"fromTo":[{"__symbolic":"method"}],"_getProp":[{"__symbolic":"method"}],"_addProp":[{"__symbolic":"method"}],"beforeAddClass":[{"__symbolic":"method"}],"beforeRemoveClass":[{"__symbolic":"method"}],"beforeStyles":[{"__symbolic":"method"}],"beforeClearStyles":[{"__symbolic":"method"}],"beforeAddRead":[{"__symbolic":"method"}],"beforeAddWrite":[{"__symbolic":"method"}],"afterAddClass":[{"__symbolic":"method"}],"afterRemoveClass":[{"__symbolic":"method"}],"afterStyles":[{"__symbolic":"method"}],"afterClearStyles":[{"__symbolic":"method"}],"play":[{"__symbolic":"method"}],"syncPlay":[{"__symbolic":"method"}],"_playInit":[{"__symbolic":"method"}],"_playDomInspect":[{"__symbolic":"method"}],"_playProgress":[{"__symbolic":"method"}],"_playToStep":[{"__symbolic":"method"}],"_asyncEnd":[{"__symbolic":"method"}],"_playEnd":[{"__symbolic":"method"}],"_hasDuration":[{"__symbolic":"method"}],"_hasDomReads":[{"__symbolic":"method"}],"stop":[{"__symbolic":"method"}],"_clearAsync":[{"__symbolic":"method"}],"_progress":[{"__symbolic":"method"}],"_setTrans":[{"__symbolic":"method"}],"_beforeAnimation":[{"__symbolic":"method"}],"_setBeforeStyles":[{"__symbolic":"method"}],"_fireBeforeReadFunc":[{"__symbolic":"method"}],"_fireBeforeWriteFunc":[{"__symbolic":"method"}],"_setAfterStyles":[{"__symbolic":"method"}],"_willChg":[{"__symbolic":"method"}],"progressStart":[{"__symbolic":"method"}],"_progressStart":[{"__symbolic":"method"}],"progressStep":[{"__symbolic":"method"}],"progressEnd":[{"__symbolic":"method"}],"_progressEnd":[{"__symbolic":"method"}],"onFinish":[{"__symbolic":"method"}],"_didFinishAll":[{"__symbolic":"method"}],"_didFinish":[{"__symbolic":"method"}],"reverse":[{"__symbolic":"method"}],"destroy":[{"__symbolic":"method"}],"_transEl":[{"__symbolic":"method"}]}},"AnimationOptions":{"__symbolic":"interface"},"PlayOptions":{"__symbolic":"interface"},"EffectProperty":{"__symbolic":"interface"},"EffectState":{"__symbolic":"interface"}}}]