[{"__symbolic":"module","version":3,"metadata":{"InfiniteScrollModule":{"__symbolic":"class","decorators":[{"__symbolic":"call","expression":{"__symbolic":"reference","module":"@angular/core","name":"NgModule"},"arguments":[{"imports":[{"__symbolic":"reference","module":"@angular/common","name":"CommonModule"},{"__symbolic":"reference","module":"../spinner/spinner.module","name":"SpinnerModule"}],"declarations":[{"__symbolic":"reference","module":"./infinite-scroll","name":"InfiniteScroll"},{"__symbolic":"reference","module":"./infinite-scroll-content","name":"InfiniteScrollContent"}],"exports":[{"__symbolic":"reference","module":"./infinite-scroll","name":"InfiniteScroll"},{"__symbolic":"reference","module":"./infinite-scroll-content","name":"InfiniteScrollContent"}]}]}],"statics":{"forRoot":{"__symbolic":"function","parameters":[],"value":{"ngModule":{"__symbolic":"reference","name":"InfiniteScrollModule"},"providers":[]}}}}}},{"__symbolic":"module","version":1,"metadata":{"InfiniteScrollModule":{"__symbolic":"class","decorators":[{"__symbolic":"call","expression":{"__symbolic":"reference","module":"@angular/core","name":"NgModule"},"arguments":[{"imports":[{"__symbolic":"reference","module":"@angular/common","name":"CommonModule"},{"__symbolic":"reference","module":"../spinner/spinner.module","name":"SpinnerModule"}],"declarations":[{"__symbolic":"reference","module":"./infinite-scroll","name":"InfiniteScroll"},{"__symbolic":"reference","module":"./infinite-scroll-content","name":"InfiniteScrollContent"}],"exports":[{"__symbolic":"reference","module":"./infinite-scroll","name":"InfiniteScroll"},{"__symbolic":"reference","module":"./infinite-scroll-content","name":"InfiniteScrollContent"}]}]}],"statics":{"forRoot":{"__symbolic":"function","parameters":[],"value":{"ngModule":{"__symbolic":"reference","name":"InfiniteScrollModule"},"providers":[]}}}}}}]