{"summaries":[{"symbol":{"__symbol":0,"members":[]},"metadata":{"__symbolic":"class"},"type":{"summaryKind":1,"type":{"reference":{"__symbol":0,"members":[]},"diDeps":[{"isAttribute":false,"isHost":false,"isSelf":false,"isSkipSelf":false,"isOptional":false,"token":{"identifier":{"reference":{"__symbol":1,"members":[]}}}},{"isAttribute":false,"isHost":false,"isSelf":false,"isSkipSelf":false,"isOptional":false,"token":{"identifier":{"reference":{"__symbol":2,"members":[]}}}},{"isAttribute":false,"isHost":false,"isSelf":false,"isSkipSelf":false,"isOptional":false,"token":{"identifier":{"reference":{"__symbol":3,"members":[]}}}},{"isAttribute":false,"isHost":false,"isSelf":false,"isSkipSelf":false,"isOptional":false,"token":{"identifier":{"reference":{"__symbol":4,"members":[]}}}}],"lifecycleHooks":[1,4]},"isComponent":false,"selector":"ion-infinite-scroll","inputs":{"threshold":"threshold","enabled":"enabled","position":"position"},"outputs":{"ionInfinite":"ionInfinite"},"hostListeners":{},"hostProperties":{},"hostAttributes":{},"providers":[],"viewProviders":[],"queries":[],"viewQueries":[],"entryComponents":[],"changeDetection":null,"template":null}}],"symbols":[{"__symbol":0,"name":"InfiniteScroll","filePath":"/Users/adam/git/ionic2/dist/ionic-angular/components/infinite-scroll/infinite-scroll.d.ts"},{"__symbol":1,"name":"Content","filePath":"/Users/adam/git/ionic2/dist/ionic-angular/components/content/content.d.ts"},{"__symbol":2,"name":"NgZone","filePath":"/Users/adam/git/ionic2/node_modules/@angular/core/core.d.ts"},{"__symbol":3,"name":"ElementRef","filePath":"/Users/adam/git/ionic2/node_modules/@angular/core/core.d.ts"},{"__symbol":4,"name":"DomController","filePath":"/Users/adam/git/ionic2/dist/ionic-angular/platform/dom-controller.d.ts"}]}