{"summaries":[{"symbol":{"__symbol":0,"members":[]},"metadata":{"__symbolic":"class"},"type":{"summaryKind":1,"type":{"reference":{"__symbol":0,"members":[]},"diDeps":[{"isAttribute":false,"isHost":false,"isSelf":false,"isSkipSelf":false,"isOptional":false,"token":{"identifier":{"reference":{"__symbol":1,"members":[]}}}},{"isAttribute":false,"isHost":false,"isSelf":false,"isSkipSelf":false,"isOptional":false,"token":{"identifier":{"reference":{"__symbol":2,"members":[]}}}}],"lifecycleHooks":[0]},"isComponent":true,"selector":"ion-infinite-scroll-content","inputs":{"loadingSpinner":"loadingSpinner","loadingText":"loadingText"},"outputs":{},"hostListeners":{},"hostProperties":{"attr.state":"inf.state"},"hostAttributes":{},"providers":[],"viewProviders":[],"queries":[],"viewQueries":[],"entryComponents":[],"changeDetection":1,"template":{"animations":[],"ngContentSelectors":[],"encapsulation":2},"componentViewType":{"__symbol":3,"members":[]},"rendererType":{"__symbol":4,"members":[]},"componentFactory":{"__symbol":5,"members":[]}}}],"symbols":[{"__symbol":0,"name":"InfiniteScrollContent","filePath":"/Users/adam/git/ionic2/dist/ionic-angular/components/infinite-scroll/infinite-scroll-content.d.ts"},{"__symbol":1,"name":"InfiniteScroll","filePath":"/Users/adam/git/ionic2/dist/ionic-angular/components/infinite-scroll/infinite-scroll.d.ts"},{"__symbol":2,"name":"Config","filePath":"/Users/adam/git/ionic2/dist/ionic-angular/config/config.d.ts"},{"__symbol":3,"name":"View_InfiniteScrollContent_0","filePath":"/Users/adam/git/ionic2/dist/ionic-angular/components/infinite-scroll/infinite-scroll-content.ngfactory.d.ts"},{"__symbol":4,"name":"RenderType_InfiniteScrollContent","filePath":"/Users/adam/git/ionic2/dist/ionic-angular/components/infinite-scroll/infinite-scroll-content.ngfactory.d.ts"},{"__symbol":5,"name":"InfiniteScrollContentNgFactory","filePath":"/Users/adam/git/ionic2/dist/ionic-angular/components/infinite-scroll/infinite-scroll-content.ngfactory.d.ts"}]}