[{"__symbolic":"module","version":3,"metadata":{"InfiniteScrollContent":{"__symbolic":"class","decorators":[{"__symbolic":"call","expression":{"__symbolic":"reference","module":"@angular/core","name":"Component"},"arguments":[{"selector":"ion-infinite-scroll-content","template":"<div class=\"infinite-loading\"><div class=\"infinite-loading-spinner\" *ngIf=\"loadingSpinner\"><ion-spinner [name]=\"loadingSpinner\"></ion-spinner></div><div class=\"infinite-loading-text\" [innerHTML]=\"loadingText\" *ngIf=\"loadingText\"></div></div>","host":{"[attr.state]":"inf.state","$quoted$":["[attr.state]"]},"encapsulation":{"__symbolic":"select","expression":{"__symbolic":"reference","module":"@angular/core","name":"ViewEncapsulation"},"member":"None"}}]}],"members":{"loadingSpinner":[{"__symbolic":"property","decorators":[{"__symbolic":"call","expression":{"__symbolic":"reference","module":"@angular/core","name":"Input"}}]}],"loadingText":[{"__symbolic":"property","decorators":[{"__symbolic":"call","expression":{"__symbolic":"reference","module":"@angular/core","name":"Input"}}]}],"__ctor__":[{"__symbolic":"constructor","parameters":[{"__symbolic":"reference","module":"./infinite-scroll","name":"InfiniteScroll"},{"__symbolic":"reference","module":"../../config/config","name":"Config"}]}],"ngOnInit":[{"__symbolic":"method"}]}}}},{"__symbolic":"module","version":1,"metadata":{"InfiniteScrollContent":{"__symbolic":"class","decorators":[{"__symbolic":"call","expression":{"__symbolic":"reference","module":"@angular/core","name":"Component"},"arguments":[{"selector":"ion-infinite-scroll-content","template":"<div class=\"infinite-loading\"><div class=\"infinite-loading-spinner\" *ngIf=\"loadingSpinner\"><ion-spinner [name]=\"loadingSpinner\"></ion-spinner></div><div class=\"infinite-loading-text\" [innerHTML]=\"loadingText\" *ngIf=\"loadingText\"></div></div>","host":{"[attr.state]":"inf.state"},"encapsulation":{"__symbolic":"select","expression":{"__symbolic":"reference","module":"@angular/core","name":"ViewEncapsulation"},"member":"None"}}]}],"members":{"loadingSpinner":[{"__symbolic":"property","decorators":[{"__symbolic":"call","expression":{"__symbolic":"reference","module":"@angular/core","name":"Input"}}]}],"loadingText":[{"__symbolic":"property","decorators":[{"__symbolic":"call","expression":{"__symbolic":"reference","module":"@angular/core","name":"Input"}}]}],"__ctor__":[{"__symbolic":"constructor","parameters":[{"__symbolic":"reference","module":"./infinite-scroll","name":"InfiniteScroll"},{"__symbolic":"reference","module":"../../config/config","name":"Config"}]}],"ngOnInit":[{"__symbolic":"method"}]}}}}]