[{"__symbolic":"module","version":3,"metadata":{"ClickBlock":{"__symbolic":"class","decorators":[{"__symbolic":"call","expression":{"__symbolic":"reference","module":"@angular/core","name":"Directive"},"arguments":[{"selector":".click-block"}]}],"members":{"__ctor__":[{"__symbolic":"constructor","parameterDecorators":[[{"__symbolic":"call","expression":{"__symbolic":"reference","module":"@angular/core","name":"Inject"},"arguments":[{"__symbolic":"reference","module":"../app/app","name":"App"}]}],null,null,null,null],"parameters":[{"__symbolic":"reference","module":"../app/app","name":"App"},{"__symbolic":"reference","module":"../../config/config","name":"Config"},{"__symbolic":"reference","module":"../../platform/platform","name":"Platform"},{"__symbolic":"reference","module":"@angular/core","name":"ElementRef"},{"__symbolic":"reference","module":"@angular/core","name":"Renderer"}]}],"activate":[{"__symbolic":"method"}],"_activate":[{"__symbolic":"method"}],"_setElementClass":[{"__symbolic":"method"}]}}}},{"__symbolic":"module","version":1,"metadata":{"ClickBlock":{"__symbolic":"class","decorators":[{"__symbolic":"call","expression":{"__symbolic":"reference","module":"@angular/core","name":"Directive"},"arguments":[{"selector":".click-block"}]}],"members":{"__ctor__":[{"__symbolic":"constructor","parameterDecorators":[[{"__symbolic":"call","expression":{"__symbolic":"reference","module":"@angular/core","name":"Inject"},"arguments":[{"__symbolic":"reference","module":"../app/app","name":"App"}]}],null,null,null,null],"parameters":[{"__symbolic":"reference","module":"../app/app","name":"App"},{"__symbolic":"reference","module":"../../config/config","name":"Config"},{"__symbolic":"reference","module":"../../platform/platform","name":"Platform"},{"__symbolic":"reference","module":"@angular/core","name":"ElementRef"},{"__symbolic":"reference","module":"@angular/core","name":"Renderer"}]}],"activate":[{"__symbolic":"method"}],"_activate":[{"__symbolic":"method"}],"_setElementClass":[{"__symbolic":"method"}]}}}}]