[{"__symbolic":"module","version":3,"metadata":{"ClickBlockModule":{"__symbolic":"class","decorators":[{"__symbolic":"call","expression":{"__symbolic":"reference","module":"@angular/core","name":"NgModule"},"arguments":[{"declarations":[{"__symbolic":"reference","module":"./click-block","name":"ClickBlock"}],"exports":[{"__symbolic":"reference","module":"./click-block","name":"ClickBlock"}]}]}],"statics":{"forRoot":{"__symbolic":"function","parameters":[],"value":{"ngModule":{"__symbolic":"reference","name":"ClickBlockModule"},"providers":[]}}}}}},{"__symbolic":"module","version":1,"metadata":{"ClickBlockModule":{"__symbolic":"class","decorators":[{"__symbolic":"call","expression":{"__symbolic":"reference","module":"@angular/core","name":"NgModule"},"arguments":[{"declarations":[{"__symbolic":"reference","module":"./click-block","name":"ClickBlock"}],"exports":[{"__symbolic":"reference","module":"./click-block","name":"ClickBlock"}]}]}],"statics":{"forRoot":{"__symbolic":"function","parameters":[],"value":{"ngModule":{"__symbolic":"reference","name":"ClickBlockModule"},"providers":[]}}}}}}]