[{"__symbolic":"module","version":3,"metadata":{"BackdropModule":{"__symbolic":"class","decorators":[{"__symbolic":"call","expression":{"__symbolic":"reference","module":"@angular/core","name":"NgModule"},"arguments":[{"declarations":[{"__symbolic":"reference","module":"./backdrop","name":"Backdrop"}],"exports":[{"__symbolic":"reference","module":"./backdrop","name":"Backdrop"}]}]}],"statics":{"forRoot":{"__symbolic":"function","parameters":[],"value":{"ngModule":{"__symbolic":"reference","name":"BackdropModule"},"providers":[]}}}}}},{"__symbolic":"module","version":1,"metadata":{"BackdropModule":{"__symbolic":"class","decorators":[{"__symbolic":"call","expression":{"__symbolic":"reference","module":"@angular/core","name":"NgModule"},"arguments":[{"declarations":[{"__symbolic":"reference","module":"./backdrop","name":"Backdrop"}],"exports":[{"__symbolic":"reference","module":"./backdrop","name":"Backdrop"}]}]}],"statics":{"forRoot":{"__symbolic":"function","parameters":[],"value":{"ngModule":{"__symbolic":"reference","name":"BackdropModule"},"providers":[]}}}}}}]