{"summaries":[{"symbol":{"__symbol":0,"members":[]},"metadata":{"__symbolic":"class"},"type":{"summaryKind":1,"type":{"reference":{"__symbol":0,"members":[]},"diDeps":[{"isAttribute":false,"isHost":false,"isSelf":false,"isSkipSelf":false,"isOptional":false,"token":{"identifier":{"reference":{"__symbol":1,"members":[]}}}},{"isAttribute":false,"isHost":false,"isSelf":false,"isSkipSelf":false,"isOptional":false,"token":{"identifier":{"reference":{"__symbol":2,"members":[]}}}}],"lifecycleHooks":[1,4]},"isComponent":true,"selector":"ion-fab","inputs":{},"outputs":{},"hostListeners":{},"hostProperties":{},"hostAttributes":{},"providers":[],"viewProviders":[],"queries":[{"selectors":[{"identifier":{"reference":{"__symbol":3,"members":[]}}}],"first":true,"descendants":true,"propertyName":"_mainButton","read":null},{"selectors":[{"identifier":{"reference":{"__symbol":4,"members":[]}}}],"first":false,"descendants":false,"propertyName":"_fabLists","read":null}],"viewQueries":[],"entryComponents":[],"changeDetection":1,"template":{"animations":[],"ngContentSelectors":["*"],"encapsulation":2},"componentViewType":{"__symbol":5,"members":[]},"rendererType":{"__symbol":6,"members":[]},"componentFactory":{"__symbol":7,"members":[]}}}],"symbols":[{"__symbol":0,"name":"FabContainer","filePath":"/Users/adam/git/ionic2/dist/ionic-angular/components/fab/fab-container.d.ts"},{"__symbol":1,"name":"ElementRef","filePath":"/Users/adam/git/ionic2/node_modules/@angular/core/core.d.ts"},{"__symbol":2,"name":"Platform","filePath":"/Users/adam/git/ionic2/dist/ionic-angular/platform/platform.d.ts"},{"__symbol":3,"name":"FabButton","filePath":"/Users/adam/git/ionic2/dist/ionic-angular/components/fab/fab.d.ts"},{"__symbol":4,"name":"FabList","filePath":"/Users/adam/git/ionic2/dist/ionic-angular/components/fab/fab-list.d.ts"},{"__symbol":5,"name":"View_FabContainer_0","filePath":"/Users/adam/git/ionic2/dist/ionic-angular/components/fab/fab-container.ngfactory.d.ts"},{"__symbol":6,"name":"RenderType_FabContainer","filePath":"/Users/adam/git/ionic2/dist/ionic-angular/components/fab/fab-container.ngfactory.d.ts"},{"__symbol":7,"name":"FabContainerNgFactory","filePath":"/Users/adam/git/ionic2/dist/ionic-angular/components/fab/fab-container.ngfactory.d.ts"}]}