[{"__symbolic":"module","version":3,"metadata":{"FabContainer":{"__symbolic":"class","decorators":[{"__symbolic":"call","expression":{"__symbolic":"reference","module":"@angular/core","name":"Component"},"arguments":[{"selector":"ion-fab","template":"<ng-content></ng-content>"}]}],"members":{"_mainButton":[{"__symbolic":"property","decorators":[{"__symbolic":"call","expression":{"__symbolic":"reference","module":"@angular/core","name":"ContentChild"},"arguments":[{"__symbolic":"reference","module":"./fab","name":"FabButton"}]}]}],"_fabLists":[{"__symbolic":"property","decorators":[{"__symbolic":"call","expression":{"__symbolic":"reference","module":"@angular/core","name":"ContentChildren"},"arguments":[{"__symbolic":"reference","module":"./fab-list","name":"FabList"}]}]}],"__ctor__":[{"__symbolic":"constructor","parameters":[{"__symbolic":"reference","module":"@angular/core","name":"ElementRef"},{"__symbolic":"reference","module":"../../platform/platform","name":"Platform"}]}],"ngAfterContentInit":[{"__symbolic":"method"}],"clickHandler":[{"__symbolic":"method"}],"canActivateList":[{"__symbolic":"method"}],"toggleList":[{"__symbolic":"method"}],"setActiveLists":[{"__symbolic":"method"}],"close":[{"__symbolic":"method"}],"ngOnDestroy":[{"__symbolic":"method"}]}}}},{"__symbolic":"module","version":1,"metadata":{"FabContainer":{"__symbolic":"class","decorators":[{"__symbolic":"call","expression":{"__symbolic":"reference","module":"@angular/core","name":"Component"},"arguments":[{"selector":"ion-fab","template":"<ng-content></ng-content>"}]}],"members":{"_mainButton":[{"__symbolic":"property","decorators":[{"__symbolic":"call","expression":{"__symbolic":"reference","module":"@angular/core","name":"ContentChild"},"arguments":[{"__symbolic":"reference","module":"./fab","name":"FabButton"}]}]}],"_fabLists":[{"__symbolic":"property","decorators":[{"__symbolic":"call","expression":{"__symbolic":"reference","module":"@angular/core","name":"ContentChildren"},"arguments":[{"__symbolic":"reference","module":"./fab-list","name":"FabList"}]}]}],"__ctor__":[{"__symbolic":"constructor","parameters":[{"__symbolic":"reference","module":"@angular/core","name":"ElementRef"},{"__symbolic":"reference","module":"../../platform/platform","name":"Platform"}]}],"ngAfterContentInit":[{"__symbolic":"method"}],"clickHandler":[{"__symbolic":"method"}],"canActivateList":[{"__symbolic":"method"}],"toggleList":[{"__symbolic":"method"}],"setActiveLists":[{"__symbolic":"method"}],"close":[{"__symbolic":"method"}],"ngOnDestroy":[{"__symbolic":"method"}]}}}}]