[{"__symbolic":"module","version":3,"metadata":{"FabModule":{"__symbolic":"class","decorators":[{"__symbolic":"call","expression":{"__symbolic":"reference","module":"@angular/core","name":"NgModule"},"arguments":[{"imports":[{"__symbolic":"reference","module":"../icon/icon.module","name":"IconModule"}],"declarations":[{"__symbolic":"reference","module":"./fab","name":"FabButton"},{"__symbolic":"reference","module":"./fab-container","name":"FabContainer"},{"__symbolic":"reference","module":"./fab-list","name":"FabList"}],"exports":[{"__symbolic":"reference","module":"./fab","name":"FabButton"},{"__symbolic":"reference","module":"./fab-container","name":"FabContainer"},{"__symbolic":"reference","module":"./fab-list","name":"FabList"}]}]}],"statics":{"forRoot":{"__symbolic":"function","parameters":[],"value":{"ngModule":{"__symbolic":"reference","name":"FabModule"},"providers":[]}}}}}},{"__symbolic":"module","version":1,"metadata":{"FabModule":{"__symbolic":"class","decorators":[{"__symbolic":"call","expression":{"__symbolic":"reference","module":"@angular/core","name":"NgModule"},"arguments":[{"imports":[{"__symbolic":"reference","module":"../icon/icon.module","name":"IconModule"}],"declarations":[{"__symbolic":"reference","module":"./fab","name":"FabButton"},{"__symbolic":"reference","module":"./fab-container","name":"FabContainer"},{"__symbolic":"reference","module":"./fab-list","name":"FabList"}],"exports":[{"__symbolic":"reference","module":"./fab","name":"FabButton"},{"__symbolic":"reference","module":"./fab-container","name":"FabContainer"},{"__symbolic":"reference","module":"./fab-list","name":"FabList"}]}]}],"statics":{"forRoot":{"__symbolic":"function","parameters":[],"value":{"ngModule":{"__symbolic":"reference","name":"FabModule"},"providers":[]}}}}}}]