{"summaries":[{"symbol":{"__symbol":0,"members":[]},"metadata":{"__symbolic":"class","statics":{"forRoot":{"__symbolic":"function","parameters":[],"value":{"ngModule":{"__symbol":0,"members":[]},"providers":[]}}}},"type":{"summaryKind":2,"type":{"reference":{"__symbol":0,"members":[]},"diDeps":[],"lifecycleHooks":[]},"entryComponents":[],"providers":[],"modules":[{"reference":{"__symbol":1,"members":[]},"diDeps":[],"lifecycleHooks":[]},{"reference":{"__symbol":0,"members":[]},"diDeps":[],"lifecycleHooks":[]}],"exportedDirectives":[{"reference":{"__symbol":2,"members":[]}},{"reference":{"__symbol":3,"members":[]}},{"reference":{"__symbol":4,"members":[]}}],"exportedPipes":[]}}],"symbols":[{"__symbol":0,"name":"FabModule","filePath":"/Users/adam/git/ionic2/dist/ionic-angular/components/fab/fab.module.d.ts"},{"__symbol":1,"name":"IconModule","filePath":"/Users/adam/git/ionic2/dist/ionic-angular/components/icon/icon.module.d.ts"},{"__symbol":2,"name":"FabButton","filePath":"/Users/adam/git/ionic2/dist/ionic-angular/components/fab/fab.d.ts"},{"__symbol":3,"name":"FabContainer","filePath":"/Users/adam/git/ionic2/dist/ionic-angular/components/fab/fab-container.d.ts"},{"__symbol":4,"name":"FabList","filePath":"/Users/adam/git/ionic2/dist/ionic-angular/components/fab/fab-list.d.ts"}]}