[{"__symbolic":"module","version":3,"metadata":{"Navbar":{"__symbolic":"class","extends":{"__symbolic":"reference","module":"../toolbar/toolbar-base","name":"ToolbarBase"},"decorators":[{"__symbolic":"call","expression":{"__symbolic":"reference","module":"@angular/core","name":"Component"},"arguments":[{"selector":"ion-navbar","template":"<div class=\"toolbar-background\" [ngClass]=\"'toolbar-background-' + _mode\"></div><button (click)=\"backButtonClick($event)\" ion-button=\"bar-button\" class=\"back-button\" [ngClass]=\"'back-button-' + _mode\" [hidden]=\"_hideBb\"><ion-icon class=\"back-button-icon\" [ngClass]=\"'back-button-icon-' + _mode\" [name]=\"_bbIcon\"></ion-icon><span class=\"back-button-text\" [ngClass]=\"'back-button-text-' + _mode\">{{_backText}}</span></button><ng-content select=\"[menuToggle],ion-buttons[left]\"></ng-content><ng-content select=\"ion-buttons[start]\"></ng-content><ng-content select=\"ion-buttons[end],ion-buttons[right]\"></ng-content><div class=\"toolbar-content\" [ngClass]=\"'toolbar-content-' + _mode\"><ng-content></ng-content></div>","host":{"[hidden]":"_hidden","class":"toolbar","[class.statusbar-padding]":"_sbPadding","$quoted$":["[hidden]","class","[class.statusbar-padding]"]}}]}],"members":{"hideBackButton":[{"__symbolic":"property","decorators":[{"__symbolic":"call","expression":{"__symbolic":"reference","module":"@angular/core","name":"Input"}}]}],"__ctor__":[{"__symbolic":"constructor","parameterDecorators":[null,[{"__symbolic":"call","expression":{"__symbolic":"reference","module":"@angular/core","name":"Optional"}}],[{"__symbolic":"call","expression":{"__symbolic":"reference","module":"@angular/core","name":"Optional"}}],null,null,null],"parameters":[{"__symbolic":"reference","module":"../app/app","name":"App"},{"__symbolic":"reference","module":"../../navigation/view-controller","name":"ViewController"},{"__symbolic":"reference","module":"../../navigation/nav-controller","name":"NavController"},{"__symbolic":"reference","module":"../../config/config","name":"Config"},{"__symbolic":"reference","module":"@angular/core","name":"ElementRef"},{"__symbolic":"reference","module":"@angular/core","name":"Renderer"}]}],"backButtonClick":[{"__symbolic":"method"}],"setBackButtonText":[{"__symbolic":"method"}],"didEnter":[{"__symbolic":"method"}],"setHidden":[{"__symbolic":"method"}]}}}},{"__symbolic":"module","version":1,"metadata":{"Navbar":{"__symbolic":"class","extends":{"__symbolic":"reference","module":"../toolbar/toolbar-base","name":"ToolbarBase"},"decorators":[{"__symbolic":"call","expression":{"__symbolic":"reference","module":"@angular/core","name":"Component"},"arguments":[{"selector":"ion-navbar","template":"<div class=\"toolbar-background\" [ngClass]=\"'toolbar-background-' + _mode\"></div><button (click)=\"backButtonClick($event)\" ion-button=\"bar-button\" class=\"back-button\" [ngClass]=\"'back-button-' + _mode\" [hidden]=\"_hideBb\"><ion-icon class=\"back-button-icon\" [ngClass]=\"'back-button-icon-' + _mode\" [name]=\"_bbIcon\"></ion-icon><span class=\"back-button-text\" [ngClass]=\"'back-button-text-' + _mode\">{{_backText}}</span></button><ng-content select=\"[menuToggle],ion-buttons[left]\"></ng-content><ng-content select=\"ion-buttons[start]\"></ng-content><ng-content select=\"ion-buttons[end],ion-buttons[right]\"></ng-content><div class=\"toolbar-content\" [ngClass]=\"'toolbar-content-' + _mode\"><ng-content></ng-content></div>","host":{"[hidden]":"_hidden","class":"toolbar","[class.statusbar-padding]":"_sbPadding"}}]}],"members":{"hideBackButton":[{"__symbolic":"property","decorators":[{"__symbolic":"call","expression":{"__symbolic":"reference","module":"@angular/core","name":"Input"}}]}],"__ctor__":[{"__symbolic":"constructor","parameterDecorators":[null,[{"__symbolic":"call","expression":{"__symbolic":"reference","module":"@angular/core","name":"Optional"}}],[{"__symbolic":"call","expression":{"__symbolic":"reference","module":"@angular/core","name":"Optional"}}],null,null,null],"parameters":[{"__symbolic":"reference","module":"../app/app","name":"App"},{"__symbolic":"reference","module":"../../navigation/view-controller","name":"ViewController"},{"__symbolic":"reference","module":"../../navigation/nav-controller","name":"NavController"},{"__symbolic":"reference","module":"../../config/config","name":"Config"},{"__symbolic":"reference","module":"@angular/core","name":"ElementRef"},{"__symbolic":"reference","module":"@angular/core","name":"Renderer"}]}],"backButtonClick":[{"__symbolic":"method"}],"setBackButtonText":[{"__symbolic":"method"}],"didEnter":[{"__symbolic":"method"}],"setHidden":[{"__symbolic":"method"}]}}}}]