[{"__symbolic":"module","version":3,"metadata":{"NavbarModule":{"__symbolic":"class","decorators":[{"__symbolic":"call","expression":{"__symbolic":"reference","module":"@angular/core","name":"NgModule"},"arguments":[{"imports":[{"__symbolic":"reference","module":"../button/button.module","name":"ButtonModule"},{"__symbolic":"reference","module":"@angular/common","name":"CommonModule"},{"__symbolic":"reference","module":"../icon/icon.module","name":"IconModule"}],"declarations":[{"__symbolic":"reference","module":"./navbar","name":"Navbar"}],"exports":[{"__symbolic":"reference","module":"./navbar","name":"Navbar"}]}]}],"statics":{"forRoot":{"__symbolic":"function","parameters":[],"value":{"ngModule":{"__symbolic":"reference","name":"NavbarModule"},"providers":[]}}}}}},{"__symbolic":"module","version":1,"metadata":{"NavbarModule":{"__symbolic":"class","decorators":[{"__symbolic":"call","expression":{"__symbolic":"reference","module":"@angular/core","name":"NgModule"},"arguments":[{"imports":[{"__symbolic":"reference","module":"../button/button.module","name":"ButtonModule"},{"__symbolic":"reference","module":"@angular/common","name":"CommonModule"},{"__symbolic":"reference","module":"../icon/icon.module","name":"IconModule"}],"declarations":[{"__symbolic":"reference","module":"./navbar","name":"Navbar"}],"exports":[{"__symbolic":"reference","module":"./navbar","name":"Navbar"}]}]}],"statics":{"forRoot":{"__symbolic":"function","parameters":[],"value":{"ngModule":{"__symbolic":"reference","name":"NavbarModule"},"providers":[]}}}}}}]