[{"__symbolic":"module","version":3,"metadata":{"ImgModule":{"__symbolic":"class","decorators":[{"__symbolic":"call","expression":{"__symbolic":"reference","module":"@angular/core","name":"NgModule"},"arguments":[{"declarations":[{"__symbolic":"reference","module":"./img","name":"Img"}],"exports":[{"__symbolic":"reference","module":"./img","name":"Img"}]}]}],"statics":{"forRoot":{"__symbolic":"function","parameters":[],"value":{"ngModule":{"__symbolic":"reference","name":"ImgModule"},"providers":[]}}}}}},{"__symbolic":"module","version":1,"metadata":{"ImgModule":{"__symbolic":"class","decorators":[{"__symbolic":"call","expression":{"__symbolic":"reference","module":"@angular/core","name":"NgModule"},"arguments":[{"declarations":[{"__symbolic":"reference","module":"./img","name":"Img"}],"exports":[{"__symbolic":"reference","module":"./img","name":"Img"}]}]}],"statics":{"forRoot":{"__symbolic":"function","parameters":[],"value":{"ngModule":{"__symbolic":"reference","name":"ImgModule"},"providers":[]}}}}}}]