{"summaries":[{"symbol":{"__symbol":0,"members":[]},"metadata":{"__symbolic":"class"},"type":{"summaryKind":1,"type":{"reference":{"__symbol":0,"members":[]},"diDeps":[{"isAttribute":false,"isHost":false,"isSelf":false,"isSkipSelf":false,"isOptional":false,"token":{"identifier":{"reference":{"__symbol":1,"members":[]}}}},{"isAttribute":false,"isHost":false,"isSelf":false,"isSkipSelf":false,"isOptional":false,"token":{"identifier":{"reference":{"__symbol":2,"members":[]}}}},{"isAttribute":false,"isHost":false,"isSelf":false,"isSkipSelf":false,"isOptional":false,"token":{"identifier":{"reference":{"__symbol":3,"members":[]}}}},{"isAttribute":false,"isHost":false,"isSelf":false,"isSkipSelf":false,"isOptional":false,"token":{"identifier":{"reference":{"__symbol":4,"members":[]}}}},{"isAttribute":false,"isHost":false,"isSelf":false,"isSkipSelf":false,"isOptional":true,"token":{"identifier":{"reference":{"__symbol":5,"members":[]}}}},{"isAttribute":false,"isHost":false,"isSelf":false,"isSkipSelf":false,"isOptional":false,"token":{"identifier":{"reference":{"__symbol":6,"members":[]}}}}],"lifecycleHooks":[1,4]},"isComponent":true,"selector":"ion-img","inputs":{"src":"src","bounds":"bounds","cache":"cache","width":"width","height":"height","alt":"alt"},"outputs":{},"hostListeners":{},"hostProperties":{},"hostAttributes":{},"providers":[],"viewProviders":[],"queries":[],"viewQueries":[],"entryComponents":[],"changeDetection":0,"template":{"animations":[],"ngContentSelectors":[],"encapsulation":2},"componentViewType":{"__symbol":7,"members":[]},"rendererType":{"__symbol":8,"members":[]},"componentFactory":{"__symbol":9,"members":[]}}}],"symbols":[{"__symbol":0,"name":"Img","filePath":"/Users/adam/git/ionic2/dist/ionic-angular/components/img/img.d.ts"},{"__symbol":1,"name":"ElementRef","filePath":"/Users/adam/git/ionic2/node_modules/@angular/core/core.d.ts"},{"__symbol":2,"name":"Renderer","filePath":"/Users/adam/git/ionic2/node_modules/@angular/core/core.d.ts"},{"__symbol":3,"name":"Platform","filePath":"/Users/adam/git/ionic2/dist/ionic-angular/platform/platform.d.ts"},{"__symbol":4,"name":"NgZone","filePath":"/Users/adam/git/ionic2/node_modules/@angular/core/core.d.ts"},{"__symbol":5,"name":"Content","filePath":"/Users/adam/git/ionic2/dist/ionic-angular/components/content/content.d.ts"},{"__symbol":6,"name":"DomController","filePath":"/Users/adam/git/ionic2/dist/ionic-angular/platform/dom-controller.d.ts"},{"__symbol":7,"name":"View_Img_0","filePath":"/Users/adam/git/ionic2/dist/ionic-angular/components/img/img.ngfactory.d.ts"},{"__symbol":8,"name":"RenderType_Img","filePath":"/Users/adam/git/ionic2/dist/ionic-angular/components/img/img.ngfactory.d.ts"},{"__symbol":9,"name":"ImgNgFactory","filePath":"/Users/adam/git/ionic2/dist/ionic-angular/components/img/img.ngfactory.d.ts"}]}