{"summaries":[{"symbol":{"__symbol":0,"members":[]},"metadata":{"__symbolic":"class","statics":{"forRoot":{"__symbolic":"function","parameters":[],"value":{"ngModule":{"__symbol":0,"members":[]},"providers":[]}}}},"type":{"summaryKind":2,"type":{"reference":{"__symbol":0,"members":[]},"diDeps":[],"lifecycleHooks":[]},"entryComponents":[{"componentType":{"__symbol":1,"members":[]},"componentFactory":{"__symbol":2,"members":[]}}],"providers":[{"provider":{"token":{"identifier":{"reference":{"__symbol":3,"members":[]}}},"useClass":{"reference":{"__symbol":4,"members":[]},"diDeps":[{"isAttribute":false,"isHost":false,"isSelf":false,"isSkipSelf":false,"isOptional":false,"token":{"identifier":{"reference":{"__symbol":5,"members":[]}}}}],"lifecycleHooks":[]},"useFactory":null,"useExisting":null,"deps":[{"isAttribute":false,"isHost":false,"isSelf":false,"isSkipSelf":false,"isOptional":false,"token":{"identifier":{"reference":{"__symbol":5,"members":[]}}}}],"multi":false},"module":{"reference":{"__symbol":6,"members":[]},"diDeps":[],"lifecycleHooks":[]}}],"modules":[{"reference":{"__symbol":7,"members":[]},"diDeps":[],"lifecycleHooks":[]},{"reference":{"__symbol":8,"members":[]},"diDeps":[],"lifecycleHooks":[]},{"reference":{"__symbol":6,"members":[]},"diDeps":[],"lifecycleHooks":[]},{"reference":{"__symbol":9,"members":[]},"diDeps":[],"lifecycleHooks":[]},{"reference":{"__symbol":0,"members":[]},"diDeps":[],"lifecycleHooks":[]}],"exportedDirectives":[{"reference":{"__symbol":1,"members":[]}}],"exportedPipes":[]}}],"symbols":[{"__symbol":0,"name":"ActionSheetModule","filePath":"/Users/adam/git/ionic2/dist/ionic-angular/components/action-sheet/action-sheet.module.d.ts"},{"__symbol":1,"name":"ActionSheetCmp","filePath":"/Users/adam/git/ionic2/dist/ionic-angular/components/action-sheet/action-sheet-component.d.ts"},{"__symbol":2,"name":"ActionSheetCmpNgFactory","filePath":"/Users/adam/git/ionic2/dist/ionic-angular/components/action-sheet/action-sheet-component.ngfactory.d.ts"},{"__symbol":3,"name":"NgLocalization","filePath":"/Users/adam/git/ionic2/node_modules/@angular/common/common.d.ts"},{"__symbol":4,"name":"NgLocaleLocalization","filePath":"/Users/adam/git/ionic2/node_modules/@angular/common/common.d.ts"},{"__symbol":5,"name":"LOCALE_ID","filePath":"/Users/adam/git/ionic2/node_modules/@angular/core/core.d.ts"},{"__symbol":6,"name":"CommonModule","filePath":"/Users/adam/git/ionic2/node_modules/@angular/common/common.d.ts"},{"__symbol":7,"name":"BackdropModule","filePath":"/Users/adam/git/ionic2/dist/ionic-angular/components/backdrop/backdrop.module.d.ts"},{"__symbol":8,"name":"ButtonModule","filePath":"/Users/adam/git/ionic2/dist/ionic-angular/components/button/button.module.d.ts"},{"__symbol":9,"name":"IconModule","filePath":"/Users/adam/git/ionic2/dist/ionic-angular/components/icon/icon.module.d.ts"}]}