[{"__symbolic":"module","version":3,"metadata":{"ActionSheetModule":{"__symbolic":"class","decorators":[{"__symbolic":"call","expression":{"__symbolic":"reference","module":"@angular/core","name":"NgModule"},"arguments":[{"imports":[{"__symbolic":"reference","module":"../backdrop/backdrop.module","name":"BackdropModule"},{"__symbolic":"reference","module":"../button/button.module","name":"ButtonModule"},{"__symbolic":"reference","module":"@angular/common","name":"CommonModule"},{"__symbolic":"reference","module":"../icon/icon.module","name":"IconModule"}],"declarations":[{"__symbolic":"reference","module":"./action-sheet-component","name":"ActionSheetCmp"}],"exports":[{"__symbolic":"reference","module":"./action-sheet-component","name":"ActionSheetCmp"}],"entryComponents":[{"__symbolic":"reference","module":"./action-sheet-component","name":"ActionSheetCmp"}]}]}],"statics":{"forRoot":{"__symbolic":"function","parameters":[],"value":{"ngModule":{"__symbolic":"reference","name":"ActionSheetModule"},"providers":[]}}}}}},{"__symbolic":"module","version":1,"metadata":{"ActionSheetModule":{"__symbolic":"class","decorators":[{"__symbolic":"call","expression":{"__symbolic":"reference","module":"@angular/core","name":"NgModule"},"arguments":[{"imports":[{"__symbolic":"reference","module":"../backdrop/backdrop.module","name":"BackdropModule"},{"__symbolic":"reference","module":"../button/button.module","name":"ButtonModule"},{"__symbolic":"reference","module":"@angular/common","name":"CommonModule"},{"__symbolic":"reference","module":"../icon/icon.module","name":"IconModule"}],"declarations":[{"__symbolic":"reference","module":"./action-sheet-component","name":"ActionSheetCmp"}],"exports":[{"__symbolic":"reference","module":"./action-sheet-component","name":"ActionSheetCmp"}],"entryComponents":[{"__symbolic":"reference","module":"./action-sheet-component","name":"ActionSheetCmp"}]}]}],"statics":{"forRoot":{"__symbolic":"function","parameters":[],"value":{"ngModule":{"__symbolic":"reference","name":"ActionSheetModule"},"providers":[]}}}}}}]