{"summaries":[{"symbol":{"__symbol":0,"members":[]},"metadata":{"__symbolic":"class"}},{"symbol":{"__symbol":1,"members":[]},"metadata":{"__symbolic":"class"}},{"symbol":{"__symbol":2,"members":[]},"metadata":{"__symbolic":"class"}},{"symbol":{"__symbol":3,"members":[]},"metadata":{"__symbolic":"class"}},{"symbol":{"__symbol":4,"members":[]},"metadata":{"__symbolic":"class"}},{"symbol":{"__symbol":5,"members":[]},"metadata":{"__symbolic":"class"}}],"symbols":[{"__symbol":0,"name":"ActionSheetSlideIn","filePath":"/Users/adam/git/ionic2/dist/ionic-angular/components/action-sheet/action-sheet-transitions.d.ts"},{"__symbol":1,"name":"ActionSheetSlideOut","filePath":"/Users/adam/git/ionic2/dist/ionic-angular/components/action-sheet/action-sheet-transitions.d.ts"},{"__symbol":2,"name":"ActionSheetMdSlideIn","filePath":"/Users/adam/git/ionic2/dist/ionic-angular/components/action-sheet/action-sheet-transitions.d.ts"},{"__symbol":3,"name":"ActionSheetMdSlideOut","filePath":"/Users/adam/git/ionic2/dist/ionic-angular/components/action-sheet/action-sheet-transitions.d.ts"},{"__symbol":4,"name":"ActionSheetWpSlideIn","filePath":"/Users/adam/git/ionic2/dist/ionic-angular/components/action-sheet/action-sheet-transitions.d.ts"},{"__symbol":5,"name":"ActionSheetWpSlideOut","filePath":"/Users/adam/git/ionic2/dist/ionic-angular/components/action-sheet/action-sheet-transitions.d.ts"}]}