[{"__symbolic":"module","version":3,"metadata":{"ActionSheetSlideIn":{"__symbolic":"class","extends":{"__symbolic":"reference","module":"../../transitions/transition","name":"Transition"},"members":{"init":[{"__symbolic":"method"}]}},"ActionSheetSlideOut":{"__symbolic":"class","extends":{"__symbolic":"reference","module":"../../transitions/transition","name":"Transition"},"members":{"init":[{"__symbolic":"method"}]}},"ActionSheetMdSlideIn":{"__symbolic":"class","extends":{"__symbolic":"reference","module":"../../transitions/transition","name":"Transition"},"members":{"init":[{"__symbolic":"method"}]}},"ActionSheetMdSlideOut":{"__symbolic":"class","extends":{"__symbolic":"reference","module":"../../transitions/transition","name":"Transition"},"members":{"init":[{"__symbolic":"method"}]}},"ActionSheetWpSlideIn":{"__symbolic":"class","extends":{"__symbolic":"reference","module":"../../transitions/transition","name":"Transition"},"members":{"init":[{"__symbolic":"method"}]}},"ActionSheetWpSlideOut":{"__symbolic":"class","extends":{"__symbolic":"reference","module":"../../transitions/transition","name":"Transition"},"members":{"init":[{"__symbolic":"method"}]}}}},{"__symbolic":"module","version":1,"metadata":{"ActionSheetSlideIn":{"__symbolic":"class","extends":{"__symbolic":"reference","module":"../../transitions/transition","name":"Transition"},"members":{"init":[{"__symbolic":"method"}]}},"ActionSheetSlideOut":{"__symbolic":"class","extends":{"__symbolic":"reference","module":"../../transitions/transition","name":"Transition"},"members":{"init":[{"__symbolic":"method"}]}},"ActionSheetMdSlideIn":{"__symbolic":"class","extends":{"__symbolic":"reference","module":"../../transitions/transition","name":"Transition"},"members":{"init":[{"__symbolic":"method"}]}},"ActionSheetMdSlideOut":{"__symbolic":"class","extends":{"__symbolic":"reference","module":"../../transitions/transition","name":"Transition"},"members":{"init":[{"__symbolic":"method"}]}},"ActionSheetWpSlideIn":{"__symbolic":"class","extends":{"__symbolic":"reference","module":"../../transitions/transition","name":"Transition"},"members":{"init":[{"__symbolic":"method"}]}},"ActionSheetWpSlideOut":{"__symbolic":"class","extends":{"__symbolic":"reference","module":"../../transitions/transition","name":"Transition"},"members":{"init":[{"__symbolic":"method"}]}}}}]