[{"__symbolic":"module","version":3,"metadata":{"IconModule":{"__symbolic":"class","decorators":[{"__symbolic":"call","expression":{"__symbolic":"reference","module":"@angular/core","name":"NgModule"},"arguments":[{"declarations":[{"__symbolic":"reference","module":"./icon","name":"Icon"}],"exports":[{"__symbolic":"reference","module":"./icon","name":"Icon"}]}]}],"statics":{"forRoot":{"__symbolic":"function","parameters":[],"value":{"ngModule":{"__symbolic":"reference","name":"IconModule"},"providers":[]}}}}}},{"__symbolic":"module","version":1,"metadata":{"IconModule":{"__symbolic":"class","decorators":[{"__symbolic":"call","expression":{"__symbolic":"reference","module":"@angular/core","name":"NgModule"},"arguments":[{"declarations":[{"__symbolic":"reference","module":"./icon","name":"Icon"}],"exports":[{"__symbolic":"reference","module":"./icon","name":"Icon"}]}]}],"statics":{"forRoot":{"__symbolic":"function","parameters":[],"value":{"ngModule":{"__symbolic":"reference","name":"IconModule"},"providers":[]}}}}}}]