[{"__symbolic":"module","version":3,"metadata":{"ModalCmp":{"__symbolic":"class","decorators":[{"__symbolic":"call","expression":{"__symbolic":"reference","module":"@angular/core","name":"Component"},"arguments":[{"selector":"ion-modal","template":"<ion-backdrop (click)=\"_bdClick()\" [class.backdrop-no-tappable]=\"!_bdDismiss\"></ion-backdrop><div class=\"modal-wrapper\"><div #viewport nav-viewport></div></div>"}]}],"members":{"_viewport":[{"__symbolic":"property","decorators":[{"__symbolic":"call","expression":{"__symbolic":"reference","module":"@angular/core","name":"ViewChild"},"arguments":["viewport",{"read":{"__symbolic":"reference","module":"@angular/core","name":"ViewContainerRef"}}]}]}],"__ctor__":[{"__symbolic":"constructor","parameters":[{"__symbolic":"reference","module":"@angular/core","name":"ComponentFactoryResolver"},{"__symbolic":"reference","module":"@angular/core","name":"Renderer"},{"__symbolic":"reference","module":"@angular/core","name":"ElementRef"},{"__symbolic":"reference","module":"../../navigation/nav-params","name":"NavParams"},{"__symbolic":"reference","module":"../../navigation/view-controller","name":"ViewController"},{"__symbolic":"reference","module":"../../gestures/gesture-controller","name":"GestureController"},{"__symbolic":"reference","module":"../../util/module-loader","name":"ModuleLoader"}]}],"ionViewPreLoad":[{"__symbolic":"method"}],"_load":[{"__symbolic":"method"}],"_viewWillEnter":[{"__symbolic":"method"}],"_viewDidLeave":[{"__symbolic":"method"}],"_setCssClass":[{"__symbolic":"method"}],"_bdClick":[{"__symbolic":"method"}],"_keyUp":[{"__symbolic":"method","decorators":[{"__symbolic":"call","expression":{"__symbolic":"reference","module":"@angular/core","name":"HostListener"},"arguments":["body:keyup",["$event"]]}]}],"ngOnDestroy":[{"__symbolic":"method"}]}}}},{"__symbolic":"module","version":1,"metadata":{"ModalCmp":{"__symbolic":"class","decorators":[{"__symbolic":"call","expression":{"__symbolic":"reference","module":"@angular/core","name":"Component"},"arguments":[{"selector":"ion-modal","template":"<ion-backdrop (click)=\"_bdClick()\" [class.backdrop-no-tappable]=\"!_bdDismiss\"></ion-backdrop><div class=\"modal-wrapper\"><div #viewport nav-viewport></div></div>"}]}],"members":{"_viewport":[{"__symbolic":"property","decorators":[{"__symbolic":"call","expression":{"__symbolic":"reference","module":"@angular/core","name":"ViewChild"},"arguments":["viewport",{"read":{"__symbolic":"reference","module":"@angular/core","name":"ViewContainerRef"}}]}]}],"__ctor__":[{"__symbolic":"constructor","parameters":[{"__symbolic":"reference","module":"@angular/core","name":"ComponentFactoryResolver"},{"__symbolic":"reference","module":"@angular/core","name":"Renderer"},{"__symbolic":"reference","module":"@angular/core","name":"ElementRef"},{"__symbolic":"reference","module":"../../navigation/nav-params","name":"NavParams"},{"__symbolic":"reference","module":"../../navigation/view-controller","name":"ViewController"},{"__symbolic":"reference","module":"../../gestures/gesture-controller","name":"GestureController"},{"__symbolic":"reference","module":"../../util/module-loader","name":"ModuleLoader"}]}],"ionViewPreLoad":[{"__symbolic":"method"}],"_load":[{"__symbolic":"method"}],"_viewWillEnter":[{"__symbolic":"method"}],"_viewDidLeave":[{"__symbolic":"method"}],"_setCssClass":[{"__symbolic":"method"}],"_bdClick":[{"__symbolic":"method"}],"_keyUp":[{"__symbolic":"method","decorators":[{"__symbolic":"call","expression":{"__symbolic":"reference","module":"@angular/core","name":"HostListener"},"arguments":["body:keyup",["$event"]]}]}],"ngOnDestroy":[{"__symbolic":"method"}]}}}}]