[{"__symbolic":"module","version":3,"metadata":{"ModalSlideIn":{"__symbolic":"class","extends":{"__symbolic":"reference","module":"../../transitions/page-transition","name":"PageTransition"},"members":{"init":[{"__symbolic":"method"}]}},"ModalSlideOut":{"__symbolic":"class","extends":{"__symbolic":"reference","module":"../../transitions/page-transition","name":"PageTransition"},"members":{"init":[{"__symbolic":"method"}]}},"ModalMDSlideIn":{"__symbolic":"class","extends":{"__symbolic":"reference","module":"../../transitions/page-transition","name":"PageTransition"},"members":{"init":[{"__symbolic":"method"}]}},"ModalMDSlideOut":{"__symbolic":"class","extends":{"__symbolic":"reference","module":"../../transitions/page-transition","name":"PageTransition"},"members":{"init":[{"__symbolic":"method"}]}}}},{"__symbolic":"module","version":1,"metadata":{"ModalSlideIn":{"__symbolic":"class","extends":{"__symbolic":"reference","module":"../../transitions/page-transition","name":"PageTransition"},"members":{"init":[{"__symbolic":"method"}]}},"ModalSlideOut":{"__symbolic":"class","extends":{"__symbolic":"reference","module":"../../transitions/page-transition","name":"PageTransition"},"members":{"init":[{"__symbolic":"method"}]}},"ModalMDSlideIn":{"__symbolic":"class","extends":{"__symbolic":"reference","module":"../../transitions/page-transition","name":"PageTransition"},"members":{"init":[{"__symbolic":"method"}]}},"ModalMDSlideOut":{"__symbolic":"class","extends":{"__symbolic":"reference","module":"../../transitions/page-transition","name":"PageTransition"},"members":{"init":[{"__symbolic":"method"}]}}}}]