{"summaries":[{"symbol":{"__symbol":0,"members":[]},"metadata":{"__symbolic":"class"},"type":{"summaryKind":1,"type":{"reference":{"__symbol":0,"members":[]},"diDeps":[{"isAttribute":false,"isHost":false,"isSelf":false,"isSkipSelf":false,"isOptional":false,"token":{"identifier":{"reference":{"__symbol":1,"members":[]}}}},{"isAttribute":false,"isHost":false,"isSelf":false,"isSkipSelf":false,"isOptional":false,"token":{"identifier":{"reference":{"__symbol":2,"members":[]}}}},{"isAttribute":false,"isHost":false,"isSelf":false,"isSkipSelf":false,"isOptional":false,"token":{"identifier":{"reference":{"__symbol":3,"members":[]}}}},{"isAttribute":false,"isHost":false,"isSelf":false,"isSkipSelf":false,"isOptional":false,"token":{"identifier":{"reference":{"__symbol":4,"members":[]}}}},{"isAttribute":false,"isHost":false,"isSelf":false,"isSkipSelf":false,"isOptional":false,"token":{"identifier":{"reference":{"__symbol":5,"members":[]}}}},{"isAttribute":false,"isHost":false,"isSelf":false,"isSkipSelf":false,"isOptional":false,"token":{"identifier":{"reference":{"__symbol":6,"members":[]}}}},{"isAttribute":false,"isHost":false,"isSelf":false,"isSkipSelf":false,"isOptional":false,"token":{"identifier":{"reference":{"__symbol":7,"members":[]}}}}],"lifecycleHooks":[1]},"isComponent":true,"selector":"ion-modal","inputs":{},"outputs":{},"hostListeners":{"body:keyup":"_keyUp($event)"},"hostProperties":{},"hostAttributes":{},"providers":[],"viewProviders":[],"queries":[],"viewQueries":[{"selectors":[{"value":"viewport"}],"first":true,"descendants":true,"propertyName":"_viewport","read":{"identifier":{"reference":{"__symbol":8,"members":[]}}}}],"entryComponents":[],"changeDetection":1,"template":{"animations":[],"ngContentSelectors":[],"encapsulation":2},"componentViewType":{"__symbol":9,"members":[]},"rendererType":{"__symbol":10,"members":[]},"componentFactory":{"__symbol":11,"members":[]}}}],"symbols":[{"__symbol":0,"name":"ModalCmp","filePath":"/Users/adam/git/ionic2/dist/ionic-angular/components/modal/modal-component.d.ts"},{"__symbol":1,"name":"ComponentFactoryResolver","filePath":"/Users/adam/git/ionic2/node_modules/@angular/core/core.d.ts"},{"__symbol":2,"name":"Renderer","filePath":"/Users/adam/git/ionic2/node_modules/@angular/core/core.d.ts"},{"__symbol":3,"name":"ElementRef","filePath":"/Users/adam/git/ionic2/node_modules/@angular/core/core.d.ts"},{"__symbol":4,"name":"NavParams","filePath":"/Users/adam/git/ionic2/dist/ionic-angular/navigation/nav-params.d.ts"},{"__symbol":5,"name":"ViewController","filePath":"/Users/adam/git/ionic2/dist/ionic-angular/navigation/view-controller.d.ts"},{"__symbol":6,"name":"GestureController","filePath":"/Users/adam/git/ionic2/dist/ionic-angular/gestures/gesture-controller.d.ts"},{"__symbol":7,"name":"ModuleLoader","filePath":"/Users/adam/git/ionic2/dist/ionic-angular/util/module-loader.d.ts"},{"__symbol":8,"name":"ViewContainerRef","filePath":"/Users/adam/git/ionic2/node_modules/@angular/core/core.d.ts"},{"__symbol":9,"name":"View_ModalCmp_0","filePath":"/Users/adam/git/ionic2/dist/ionic-angular/components/modal/modal-component.ngfactory.d.ts"},{"__symbol":10,"name":"RenderType_ModalCmp","filePath":"/Users/adam/git/ionic2/dist/ionic-angular/components/modal/modal-component.ngfactory.d.ts"},{"__symbol":11,"name":"ModalCmpNgFactory","filePath":"/Users/adam/git/ionic2/dist/ionic-angular/components/modal/modal-component.ngfactory.d.ts"}]}