{"summaries":[{"symbol":{"__symbol":0,"members":[]},"metadata":{"__symbolic":"class","statics":{"forRoot":{"__symbolic":"function","parameters":[],"value":{"ngModule":{"__symbol":0,"members":[]},"providers":[]}}}},"type":{"summaryKind":2,"type":{"reference":{"__symbol":0,"members":[]},"diDeps":[],"lifecycleHooks":[]},"entryComponents":[{"componentType":{"__symbol":1,"members":[]},"componentFactory":{"__symbol":2,"members":[]}}],"providers":[],"modules":[{"reference":{"__symbol":3,"members":[]},"diDeps":[],"lifecycleHooks":[]},{"reference":{"__symbol":0,"members":[]},"diDeps":[],"lifecycleHooks":[]}],"exportedDirectives":[{"reference":{"__symbol":1,"members":[]}}],"exportedPipes":[]}}],"symbols":[{"__symbol":0,"name":"ModalModule","filePath":"/Users/adam/git/ionic2/dist/ionic-angular/components/modal/modal.module.d.ts"},{"__symbol":1,"name":"ModalCmp","filePath":"/Users/adam/git/ionic2/dist/ionic-angular/components/modal/modal-component.d.ts"},{"__symbol":2,"name":"ModalCmpNgFactory","filePath":"/Users/adam/git/ionic2/dist/ionic-angular/components/modal/modal-component.ngfactory.d.ts"},{"__symbol":3,"name":"BackdropModule","filePath":"/Users/adam/git/ionic2/dist/ionic-angular/components/backdrop/backdrop.module.d.ts"}]}