[{"__symbolic":"module","version":3,"metadata":{"ModalImpl":{"__symbolic":"class","extends":{"__symbolic":"reference","module":"../../navigation/view-controller","name":"ViewController"},"members":{"__ctor__":[{"__symbolic":"constructor","parameters":[{"__symbolic":"reference","module":"../app/app","name":"App"},{"__symbolic":"reference","name":"any"},{"__symbolic":"reference","name":"any"},{"__symbolic":"reference","module":"./modal-options","name":"ModalOptions"},{"__symbolic":"reference","module":"../../config/config","name":"Config"}]}],"getTransitionName":[{"__symbolic":"method"}],"present":[{"__symbolic":"method"}]}}}},{"__symbolic":"module","version":1,"metadata":{"ModalImpl":{"__symbolic":"class","extends":{"__symbolic":"reference","module":"../../navigation/view-controller","name":"ViewController"},"members":{"__ctor__":[{"__symbolic":"constructor","parameters":[{"__symbolic":"reference","module":"../app/app","name":"App"},{"__symbolic":"reference","name":"any"},{"__symbolic":"reference","name":"any"},{"__symbolic":"reference","module":"./modal-options","name":"ModalOptions"},{"__symbolic":"reference","module":"../../config/config","name":"Config"}]}],"getTransitionName":[{"__symbolic":"method"}],"present":[{"__symbolic":"method"}]}}}}]