[{"__symbolic":"module","version":3,"metadata":{"Modal":{"__symbolic":"class","extends":{"__symbolic":"reference","module":"../../navigation/overlay-proxy","name":"OverlayProxy"},"members":{"__ctor__":[{"__symbolic":"constructor","parameters":[{"__symbolic":"reference","module":"../app/app","name":"App"},{"__symbolic":"reference","name":"any"},{"__symbolic":"reference","name":"any"},{"__symbolic":"reference","module":"./modal-options","name":"ModalOptions"},{"__symbolic":"reference","module":"../../config/config","name":"Config"},{"__symbolic":"reference","module":"../../navigation/deep-linker","name":"DeepLinker"}]}],"getImplementation":[{"__symbolic":"method"}]}}}},{"__symbolic":"module","version":1,"metadata":{"Modal":{"__symbolic":"class","extends":{"__symbolic":"reference","module":"../../navigation/overlay-proxy","name":"OverlayProxy"},"members":{"__ctor__":[{"__symbolic":"constructor","parameters":[{"__symbolic":"reference","module":"../app/app","name":"App"},{"__symbolic":"reference","name":"any"},{"__symbolic":"reference","name":"any"},{"__symbolic":"reference","module":"./modal-options","name":"ModalOptions"},{"__symbolic":"reference","module":"../../config/config","name":"Config"},{"__symbolic":"reference","module":"../../navigation/deep-linker","name":"DeepLinker"}]}],"getImplementation":[{"__symbolic":"method"}]}}}}]