{"summaries":[{"symbol":{"__symbol":0,"members":[]},"metadata":{"__symbolic":"class"}},{"symbol":{"__symbol":1,"members":[]},"metadata":{"__symbolic":"class"}},{"symbol":{"__symbol":2,"members":[]},"metadata":{"__symbolic":"class"}},{"symbol":{"__symbol":3,"members":[]},"metadata":{"__symbolic":"class"}}],"symbols":[{"__symbol":0,"name":"ModalSlideIn","filePath":"/Users/adam/git/ionic2/dist/ionic-angular/components/modal/modal-transitions.d.ts"},{"__symbol":1,"name":"ModalSlideOut","filePath":"/Users/adam/git/ionic2/dist/ionic-angular/components/modal/modal-transitions.d.ts"},{"__symbol":2,"name":"ModalMDSlideIn","filePath":"/Users/adam/git/ionic2/dist/ionic-angular/components/modal/modal-transitions.d.ts"},{"__symbol":3,"name":"ModalMDSlideOut","filePath":"/Users/adam/git/ionic2/dist/ionic-angular/components/modal/modal-transitions.d.ts"}]}