[{"__symbolic":"module","version":3,"metadata":{"ModalModule":{"__symbolic":"class","decorators":[{"__symbolic":"call","expression":{"__symbolic":"reference","module":"@angular/core","name":"NgModule"},"arguments":[{"imports":[{"__symbolic":"reference","module":"../backdrop/backdrop.module","name":"BackdropModule"}],"declarations":[{"__symbolic":"reference","module":"./modal-component","name":"ModalCmp"}],"exports":[{"__symbolic":"reference","module":"./modal-component","name":"ModalCmp"}],"entryComponents":[{"__symbolic":"reference","module":"./modal-component","name":"ModalCmp"}]}]}],"statics":{"forRoot":{"__symbolic":"function","parameters":[],"value":{"ngModule":{"__symbolic":"reference","name":"ModalModule"},"providers":[]}}}}}},{"__symbolic":"module","version":1,"metadata":{"ModalModule":{"__symbolic":"class","decorators":[{"__symbolic":"call","expression":{"__symbolic":"reference","module":"@angular/core","name":"NgModule"},"arguments":[{"imports":[{"__symbolic":"reference","module":"../backdrop/backdrop.module","name":"BackdropModule"}],"declarations":[{"__symbolic":"reference","module":"./modal-component","name":"ModalCmp"}],"exports":[{"__symbolic":"reference","module":"./modal-component","name":"ModalCmp"}],"entryComponents":[{"__symbolic":"reference","module":"./modal-component","name":"ModalCmp"}]}]}],"statics":{"forRoot":{"__symbolic":"function","parameters":[],"value":{"ngModule":{"__symbolic":"reference","name":"ModalModule"},"providers":[]}}}}}}]