[{"__symbolic":"module","version":3,"metadata":{"Label":{"__symbolic":"class","extends":{"__symbolic":"reference","module":"../ion","name":"Ion"},"decorators":[{"__symbolic":"call","expression":{"__symbolic":"reference","module":"@angular/core","name":"Directive"},"arguments":[{"selector":"ion-label"}]}],"members":{"__ctor__":[{"__symbolic":"constructor","parameterDecorators":[null,null,null,[{"__symbolic":"call","expression":{"__symbolic":"reference","module":"@angular/core","name":"Attribute"},"arguments":["floating"]}],[{"__symbolic":"call","expression":{"__symbolic":"reference","module":"@angular/core","name":"Attribute"},"arguments":["stacked"]}],[{"__symbolic":"call","expression":{"__symbolic":"reference","module":"@angular/core","name":"Attribute"},"arguments":["fixed"]}],[{"__symbolic":"call","expression":{"__symbolic":"reference","module":"@angular/core","name":"Attribute"},"arguments":["inset"]}]],"parameters":[{"__symbolic":"reference","module":"../../config/config","name":"Config"},{"__symbolic":"reference","module":"@angular/core","name":"ElementRef"},{"__symbolic":"reference","module":"@angular/core","name":"Renderer"},{"__symbolic":"reference","name":"string"},{"__symbolic":"reference","name":"string"},{"__symbolic":"reference","name":"string"},{"__symbolic":"reference","name":"string"}]}],"id":[{"__symbolic":"property","decorators":[{"__symbolic":"call","expression":{"__symbolic":"reference","module":"@angular/core","name":"Input"}}]}]}}}},{"__symbolic":"module","version":1,"metadata":{"Label":{"__symbolic":"class","extends":{"__symbolic":"reference","module":"../ion","name":"Ion"},"decorators":[{"__symbolic":"call","expression":{"__symbolic":"reference","module":"@angular/core","name":"Directive"},"arguments":[{"selector":"ion-label"}]}],"members":{"__ctor__":[{"__symbolic":"constructor","parameterDecorators":[null,null,null,[{"__symbolic":"call","expression":{"__symbolic":"reference","module":"@angular/core","name":"Attribute"},"arguments":["floating"]}],[{"__symbolic":"call","expression":{"__symbolic":"reference","module":"@angular/core","name":"Attribute"},"arguments":["stacked"]}],[{"__symbolic":"call","expression":{"__symbolic":"reference","module":"@angular/core","name":"Attribute"},"arguments":["fixed"]}],[{"__symbolic":"call","expression":{"__symbolic":"reference","module":"@angular/core","name":"Attribute"},"arguments":["inset"]}]],"parameters":[{"__symbolic":"reference","module":"../../config/config","name":"Config"},{"__symbolic":"reference","module":"@angular/core","name":"ElementRef"},{"__symbolic":"reference","module":"@angular/core","name":"Renderer"},{"__symbolic":"reference","name":"string"},{"__symbolic":"reference","name":"string"},{"__symbolic":"reference","name":"string"},{"__symbolic":"reference","name":"string"}]}],"id":[{"__symbolic":"property","decorators":[{"__symbolic":"call","expression":{"__symbolic":"reference","module":"@angular/core","name":"Input"}}]}]}}}}]