[{"__symbolic":"module","version":3,"metadata":{"LabelModule":{"__symbolic":"class","decorators":[{"__symbolic":"call","expression":{"__symbolic":"reference","module":"@angular/core","name":"NgModule"},"arguments":[{"declarations":[{"__symbolic":"reference","module":"./label","name":"Label"}],"exports":[{"__symbolic":"reference","module":"./label","name":"Label"}]}]}],"statics":{"forRoot":{"__symbolic":"function","parameters":[],"value":{"ngModule":{"__symbolic":"reference","name":"LabelModule"},"providers":[]}}}}}},{"__symbolic":"module","version":1,"metadata":{"LabelModule":{"__symbolic":"class","decorators":[{"__symbolic":"call","expression":{"__symbolic":"reference","module":"@angular/core","name":"NgModule"},"arguments":[{"declarations":[{"__symbolic":"reference","module":"./label","name":"Label"}],"exports":[{"__symbolic":"reference","module":"./label","name":"Label"}]}]}],"statics":{"forRoot":{"__symbolic":"function","parameters":[],"value":{"ngModule":{"__symbolic":"reference","name":"LabelModule"},"providers":[]}}}}}}]