{"summaries":[{"symbol":{"__symbol":0,"members":[]},"metadata":{"__symbolic":"class"},"type":{"summaryKind":1,"type":{"reference":{"__symbol":0,"members":[]},"diDeps":[{"isAttribute":false,"isHost":false,"isSelf":false,"isSkipSelf":false,"isOptional":false,"token":{"identifier":{"reference":{"__symbol":1,"members":[]}}}},{"isAttribute":false,"isHost":false,"isSelf":false,"isSkipSelf":false,"isOptional":false,"token":{"identifier":{"reference":{"__symbol":2,"members":[]}}}},{"isAttribute":false,"isHost":false,"isSelf":false,"isSkipSelf":false,"isOptional":false,"token":{"identifier":{"reference":{"__symbol":3,"members":[]}}}},{"isAttribute":true,"isHost":false,"isSelf":false,"isSkipSelf":false,"isOptional":false,"token":{"value":"floating"}},{"isAttribute":true,"isHost":false,"isSelf":false,"isSkipSelf":false,"isOptional":false,"token":{"value":"stacked"}},{"isAttribute":true,"isHost":false,"isSelf":false,"isSkipSelf":false,"isOptional":false,"token":{"value":"fixed"}},{"isAttribute":true,"isHost":false,"isSelf":false,"isSkipSelf":false,"isOptional":false,"token":{"value":"inset"}}],"lifecycleHooks":[]},"isComponent":false,"selector":"ion-label","inputs":{"color":"color","mode":"mode","id":"id"},"outputs":{},"hostListeners":{},"hostProperties":{},"hostAttributes":{},"providers":[],"viewProviders":[],"queries":[],"viewQueries":[],"entryComponents":[],"changeDetection":null,"template":null}}],"symbols":[{"__symbol":0,"name":"Label","filePath":"/Users/adam/git/ionic2/dist/ionic-angular/components/label/label.d.ts"},{"__symbol":1,"name":"Config","filePath":"/Users/adam/git/ionic2/dist/ionic-angular/config/config.d.ts"},{"__symbol":2,"name":"ElementRef","filePath":"/Users/adam/git/ionic2/node_modules/@angular/core/core.d.ts"},{"__symbol":3,"name":"Renderer","filePath":"/Users/adam/git/ionic2/node_modules/@angular/core/core.d.ts"}]}