[{"__symbolic":"module","version":3,"metadata":{"EventEmitterProxy":{"__symbolic":"class","extends":{"__symbolic":"reference","module":"@angular/core","name":"EventEmitter"},"arity":1,"members":{"subscribe":[{"__symbolic":"method"}]}},"Content":{"__symbolic":"class","extends":{"__symbolic":"reference","module":"../ion","name":"Ion"},"decorators":[{"__symbolic":"call","expression":{"__symbolic":"reference","module":"@angular/core","name":"Component"},"arguments":[{"selector":"ion-content","template":"<div class=\"fixed-content\" #fixedContent><ng-content select=\"[ion-fixed],ion-fab\"></ng-content></div><div class=\"scroll-content\" #scrollContent><ng-content></ng-content></div><ng-content select=\"ion-refresher\"></ng-content>","host":{"[class.statusbar-padding]":"statusbarPadding","$quoted$":["[class.statusbar-padding]"]},"changeDetection":{"__symbolic":"select","expression":{"__symbolic":"reference","module":"@angular/core","name":"ChangeDetectionStrategy"},"member":"OnPush"},"encapsulation":{"__symbolic":"select","expression":{"__symbolic":"reference","module":"@angular/core","name":"ViewEncapsulation"},"member":"None"}}]}],"members":{"_fixedContent":[{"__symbolic":"property","decorators":[{"__symbolic":"call","expression":{"__symbolic":"reference","module":"@angular/core","name":"ViewChild"},"arguments":["fixedContent",{"read":{"__symbolic":"reference","module":"@angular/core","name":"ElementRef"}}]}]}],"_scrollContent":[{"__symbolic":"property","decorators":[{"__symbolic":"call","expression":{"__symbolic":"reference","module":"@angular/core","name":"ViewChild"},"arguments":["scrollContent",{"read":{"__symbolic":"reference","module":"@angular/core","name":"ElementRef"}}]}]}],"ionScrollStart":[{"__symbolic":"property","decorators":[{"__symbolic":"call","expression":{"__symbolic":"reference","module":"@angular/core","name":"Output"}}]}],"ionScroll":[{"__symbolic":"property","decorators":[{"__symbolic":"call","expression":{"__symbolic":"reference","module":"@angular/core","name":"Output"}}]}],"ionScrollEnd":[{"__symbolic":"property","decorators":[{"__symbolic":"call","expression":{"__symbolic":"reference","module":"@angular/core","name":"Output"}}]}],"__ctor__":[{"__symbolic":"constructor","parameterDecorators":[null,null,null,null,null,null,null,null,[{"__symbolic":"call","expression":{"__symbolic":"reference","module":"@angular/core","name":"Optional"}}],[{"__symbolic":"call","expression":{"__symbolic":"reference","module":"@angular/core","name":"Optional"}}]],"parameters":[{"__symbolic":"reference","module":"../../config/config","name":"Config"},{"__symbolic":"reference","module":"../../platform/platform","name":"Platform"},{"__symbolic":"reference","module":"../../platform/dom-controller","name":"DomController"},{"__symbolic":"reference","module":"@angular/core","name":"ElementRef"},{"__symbolic":"reference","module":"@angular/core","name":"Renderer"},{"__symbolic":"reference","module":"../app/app","name":"App"},{"__symbolic":"reference","module":"../../platform/keyboard","name":"Keyboard"},{"__symbolic":"reference","module":"@angular/core","name":"NgZone"},{"__symbolic":"reference","module":"../../navigation/view-controller","name":"ViewController"},{"__symbolic":"reference","module":"../../navigation/nav-controller","name":"NavController"}]}],"ngAfterViewInit":[{"__symbolic":"method"}],"enableJsScroll":[{"__symbolic":"method"}],"ngOnDestroy":[{"__symbolic":"method"}],"getScrollElement":[{"__symbolic":"method"}],"getFixedElement":[{"__symbolic":"method"}],"onScrollElementTransitionEnd":[{"__symbolic":"method"}],"scrollTo":[{"__symbolic":"method"}],"scrollToTop":[{"__symbolic":"method"}],"scrollToBottom":[{"__symbolic":"method"}],"fullscreen":[{"__symbolic":"property","decorators":[{"__symbolic":"call","expression":{"__symbolic":"reference","module":"@angular/core","name":"Input"}}]}],"scrollDownOnLoad":[{"__symbolic":"property","decorators":[{"__symbolic":"call","expression":{"__symbolic":"reference","module":"@angular/core","name":"Input"}}]}],"addImg":[{"__symbolic":"method"}],"removeImg":[{"__symbolic":"method"}],"setScrollElementStyle":[{"__symbolic":"method"}],"getContentDimensions":[{"__symbolic":"method"}],"addScrollPadding":[{"__symbolic":"method"}],"clearScrollPaddingFocusOut":[{"__symbolic":"method"}],"resize":[{"__symbolic":"method"}],"_readDimensions":[{"__symbolic":"method"}],"_writeDimensions":[{"__symbolic":"method"}],"imgsUpdate":[{"__symbolic":"method"}],"isImgsUpdatable":[{"__symbolic":"method"}]}},"updateImgs":{"__symbolic":"function"},"ContentDimensions":{"__symbolic":"interface"}},"exports":[{"from":"../../util/scroll-view","export":["ScrollEvent"]}]},{"__symbolic":"module","version":1,"metadata":{"EventEmitterProxy":{"__symbolic":"class","extends":{"__symbolic":"reference","module":"@angular/core","name":"EventEmitter"},"arity":1,"members":{"subscribe":[{"__symbolic":"method"}]}},"Content":{"__symbolic":"class","extends":{"__symbolic":"reference","module":"../ion","name":"Ion"},"decorators":[{"__symbolic":"call","expression":{"__symbolic":"reference","module":"@angular/core","name":"Component"},"arguments":[{"selector":"ion-content","template":"<div class=\"fixed-content\" #fixedContent><ng-content select=\"[ion-fixed],ion-fab\"></ng-content></div><div class=\"scroll-content\" #scrollContent><ng-content></ng-content></div><ng-content select=\"ion-refresher\"></ng-content>","host":{"[class.statusbar-padding]":"statusbarPadding"},"changeDetection":{"__symbolic":"select","expression":{"__symbolic":"reference","module":"@angular/core","name":"ChangeDetectionStrategy"},"member":"OnPush"},"encapsulation":{"__symbolic":"select","expression":{"__symbolic":"reference","module":"@angular/core","name":"ViewEncapsulation"},"member":"None"}}]}],"members":{"_fixedContent":[{"__symbolic":"property","decorators":[{"__symbolic":"call","expression":{"__symbolic":"reference","module":"@angular/core","name":"ViewChild"},"arguments":["fixedContent",{"read":{"__symbolic":"reference","module":"@angular/core","name":"ElementRef"}}]}]}],"_scrollContent":[{"__symbolic":"property","decorators":[{"__symbolic":"call","expression":{"__symbolic":"reference","module":"@angular/core","name":"ViewChild"},"arguments":["scrollContent",{"read":{"__symbolic":"reference","module":"@angular/core","name":"ElementRef"}}]}]}],"ionScrollStart":[{"__symbolic":"property","decorators":[{"__symbolic":"call","expression":{"__symbolic":"reference","module":"@angular/core","name":"Output"}}]}],"ionScroll":[{"__symbolic":"property","decorators":[{"__symbolic":"call","expression":{"__symbolic":"reference","module":"@angular/core","name":"Output"}}]}],"ionScrollEnd":[{"__symbolic":"property","decorators":[{"__symbolic":"call","expression":{"__symbolic":"reference","module":"@angular/core","name":"Output"}}]}],"__ctor__":[{"__symbolic":"constructor","parameterDecorators":[null,null,null,null,null,null,null,null,[{"__symbolic":"call","expression":{"__symbolic":"reference","module":"@angular/core","name":"Optional"}}],[{"__symbolic":"call","expression":{"__symbolic":"reference","module":"@angular/core","name":"Optional"}}]],"parameters":[{"__symbolic":"reference","module":"../../config/config","name":"Config"},{"__symbolic":"reference","module":"../../platform/platform","name":"Platform"},{"__symbolic":"reference","module":"../../platform/dom-controller","name":"DomController"},{"__symbolic":"reference","module":"@angular/core","name":"ElementRef"},{"__symbolic":"reference","module":"@angular/core","name":"Renderer"},{"__symbolic":"reference","module":"../app/app","name":"App"},{"__symbolic":"reference","module":"../../platform/keyboard","name":"Keyboard"},{"__symbolic":"reference","module":"@angular/core","name":"NgZone"},{"__symbolic":"reference","module":"../../navigation/view-controller","name":"ViewController"},{"__symbolic":"reference","module":"../../navigation/nav-controller","name":"NavController"}]}],"ngAfterViewInit":[{"__symbolic":"method"}],"enableJsScroll":[{"__symbolic":"method"}],"ngOnDestroy":[{"__symbolic":"method"}],"getScrollElement":[{"__symbolic":"method"}],"getFixedElement":[{"__symbolic":"method"}],"onScrollElementTransitionEnd":[{"__symbolic":"method"}],"scrollTo":[{"__symbolic":"method"}],"scrollToTop":[{"__symbolic":"method"}],"scrollToBottom":[{"__symbolic":"method"}],"fullscreen":[{"__symbolic":"property","decorators":[{"__symbolic":"call","expression":{"__symbolic":"reference","module":"@angular/core","name":"Input"}}]}],"scrollDownOnLoad":[{"__symbolic":"property","decorators":[{"__symbolic":"call","expression":{"__symbolic":"reference","module":"@angular/core","name":"Input"}}]}],"addImg":[{"__symbolic":"method"}],"removeImg":[{"__symbolic":"method"}],"setScrollElementStyle":[{"__symbolic":"method"}],"getContentDimensions":[{"__symbolic":"method"}],"addScrollPadding":[{"__symbolic":"method"}],"clearScrollPaddingFocusOut":[{"__symbolic":"method"}],"resize":[{"__symbolic":"method"}],"_readDimensions":[{"__symbolic":"method"}],"_writeDimensions":[{"__symbolic":"method"}],"imgsUpdate":[{"__symbolic":"method"}],"isImgsUpdatable":[{"__symbolic":"method"}]}},"updateImgs":{"__symbolic":"function"},"ContentDimensions":{"__symbolic":"interface"}},"exports":[{"from":"../../util/scroll-view","export":["ScrollEvent"]}]}]