{"summaries":[{"symbol":{"__symbol":0,"members":[]},"metadata":{"__symbolic":"class","arity":1}},{"symbol":{"__symbol":1,"members":[]},"metadata":{"__symbolic":"class"},"type":{"summaryKind":1,"type":{"reference":{"__symbol":1,"members":[]},"diDeps":[{"isAttribute":false,"isHost":false,"isSelf":false,"isSkipSelf":false,"isOptional":false,"token":{"identifier":{"reference":{"__symbol":6,"members":[]}}}},{"isAttribute":false,"isHost":false,"isSelf":false,"isSkipSelf":false,"isOptional":false,"token":{"identifier":{"reference":{"__symbol":7,"members":[]}}}},{"isAttribute":false,"isHost":false,"isSelf":false,"isSkipSelf":false,"isOptional":false,"token":{"identifier":{"reference":{"__symbol":8,"members":[]}}}},{"isAttribute":false,"isHost":false,"isSelf":false,"isSkipSelf":false,"isOptional":false,"token":{"identifier":{"reference":{"__symbol":9,"members":[]}}}},{"isAttribute":false,"isHost":false,"isSelf":false,"isSkipSelf":false,"isOptional":false,"token":{"identifier":{"reference":{"__symbol":10,"members":[]}}}},{"isAttribute":false,"isHost":false,"isSelf":false,"isSkipSelf":false,"isOptional":false,"token":{"identifier":{"reference":{"__symbol":11,"members":[]}}}},{"isAttribute":false,"isHost":false,"isSelf":false,"isSkipSelf":false,"isOptional":false,"token":{"identifier":{"reference":{"__symbol":12,"members":[]}}}},{"isAttribute":false,"isHost":false,"isSelf":false,"isSkipSelf":false,"isOptional":false,"token":{"identifier":{"reference":{"__symbol":13,"members":[]}}}},{"isAttribute":false,"isHost":false,"isSelf":false,"isSkipSelf":false,"isOptional":true,"token":{"identifier":{"reference":{"__symbol":14,"members":[]}}}},{"isAttribute":false,"isHost":false,"isSelf":false,"isSkipSelf":false,"isOptional":true,"token":{"identifier":{"reference":{"__symbol":15,"members":[]}}}}],"lifecycleHooks":[1,6]},"isComponent":true,"selector":"ion-content","inputs":{"color":"color","mode":"mode","fullscreen":"fullscreen","scrollDownOnLoad":"scrollDownOnLoad"},"outputs":{"ionScrollStart":"ionScrollStart","ionScroll":"ionScroll","ionScrollEnd":"ionScrollEnd"},"hostListeners":{},"hostProperties":{"class.statusbar-padding":"statusbarPadding"},"hostAttributes":{},"providers":[],"viewProviders":[],"queries":[],"viewQueries":[{"selectors":[{"value":"fixedContent"}],"first":true,"descendants":true,"propertyName":"_fixedContent","read":{"identifier":{"reference":{"__symbol":9,"members":[]}}}},{"selectors":[{"value":"scrollContent"}],"first":true,"descendants":true,"propertyName":"_scrollContent","read":{"identifier":{"reference":{"__symbol":9,"members":[]}}}}],"entryComponents":[],"changeDetection":0,"template":{"animations":[],"ngContentSelectors":["[ion-fixed],ion-fab","*","ion-refresher"],"encapsulation":2},"componentViewType":{"__symbol":16,"members":[]},"rendererType":{"__symbol":17,"members":[]},"componentFactory":{"__symbol":18,"members":[]}}},{"symbol":{"__symbol":2,"members":[]},"metadata":{"__symbolic":"function"}},{"symbol":{"__symbol":3,"members":[]},"metadata":{"__symbolic":"interface"}},{"symbol":{"__symbol":4,"members":[]},"metadata":{"__symbol":5,"members":[]}}],"symbols":[{"__symbol":0,"name":"EventEmitterProxy","filePath":"/Users/adam/git/ionic2/dist/ionic-angular/components/content/content.d.ts"},{"__symbol":1,"name":"Content","filePath":"/Users/adam/git/ionic2/dist/ionic-angular/components/content/content.d.ts"},{"__symbol":2,"name":"updateImgs","filePath":"/Users/adam/git/ionic2/dist/ionic-angular/components/content/content.d.ts"},{"__symbol":3,"name":"ContentDimensions","filePath":"/Users/adam/git/ionic2/dist/ionic-angular/components/content/content.d.ts"},{"__symbol":4,"name":"ScrollEvent","filePath":"/Users/adam/git/ionic2/dist/ionic-angular/components/content/content.d.ts"},{"__symbol":5,"name":"ScrollEvent","filePath":"/Users/adam/git/ionic2/dist/ionic-angular/util/scroll-view.d.ts"},{"__symbol":6,"name":"Config","filePath":"/Users/adam/git/ionic2/dist/ionic-angular/config/config.d.ts"},{"__symbol":7,"name":"Platform","filePath":"/Users/adam/git/ionic2/dist/ionic-angular/platform/platform.d.ts"},{"__symbol":8,"name":"DomController","filePath":"/Users/adam/git/ionic2/dist/ionic-angular/platform/dom-controller.d.ts"},{"__symbol":9,"name":"ElementRef","filePath":"/Users/adam/git/ionic2/node_modules/@angular/core/core.d.ts"},{"__symbol":10,"name":"Renderer","filePath":"/Users/adam/git/ionic2/node_modules/@angular/core/core.d.ts"},{"__symbol":11,"name":"App","filePath":"/Users/adam/git/ionic2/dist/ionic-angular/components/app/app.d.ts"},{"__symbol":12,"name":"Keyboard","filePath":"/Users/adam/git/ionic2/dist/ionic-angular/platform/keyboard.d.ts"},{"__symbol":13,"name":"NgZone","filePath":"/Users/adam/git/ionic2/node_modules/@angular/core/core.d.ts"},{"__symbol":14,"name":"ViewController","filePath":"/Users/adam/git/ionic2/dist/ionic-angular/navigation/view-controller.d.ts"},{"__symbol":15,"name":"NavController","filePath":"/Users/adam/git/ionic2/dist/ionic-angular/navigation/nav-controller.d.ts"},{"__symbol":16,"name":"View_Content_0","filePath":"/Users/adam/git/ionic2/dist/ionic-angular/components/content/content.ngfactory.d.ts"},{"__symbol":17,"name":"RenderType_Content","filePath":"/Users/adam/git/ionic2/dist/ionic-angular/components/content/content.ngfactory.d.ts"},{"__symbol":18,"name":"ContentNgFactory","filePath":"/Users/adam/git/ionic2/dist/ionic-angular/components/content/content.ngfactory.d.ts"}]}