[{"__symbolic":"module","version":3,"metadata":{"ContentModule":{"__symbolic":"class","decorators":[{"__symbolic":"call","expression":{"__symbolic":"reference","module":"@angular/core","name":"NgModule"},"arguments":[{"declarations":[{"__symbolic":"reference","module":"./content","name":"Content"}],"exports":[{"__symbolic":"reference","module":"./content","name":"Content"}]}]}],"statics":{"forRoot":{"__symbolic":"function","parameters":[],"value":{"ngModule":{"__symbolic":"reference","name":"ContentModule"},"providers":[]}}}}}},{"__symbolic":"module","version":1,"metadata":{"ContentModule":{"__symbolic":"class","decorators":[{"__symbolic":"call","expression":{"__symbolic":"reference","module":"@angular/core","name":"NgModule"},"arguments":[{"declarations":[{"__symbolic":"reference","module":"./content","name":"Content"}],"exports":[{"__symbolic":"reference","module":"./content","name":"Content"}]}]}],"statics":{"forRoot":{"__symbolic":"function","parameters":[],"value":{"ngModule":{"__symbolic":"reference","name":"ContentModule"},"providers":[]}}}}}}]