{"summaries":[{"symbol":{"__symbol":0,"members":[]},"metadata":{"__symbolic":"class","statics":{"forRoot":{"__symbolic":"function","parameters":[],"value":{"ngModule":{"__symbol":0,"members":[]},"providers":[]}}}},"type":{"summaryKind":2,"type":{"reference":{"__symbol":0,"members":[]},"diDeps":[],"lifecycleHooks":[]},"entryComponents":[],"providers":[{"provider":{"token":{"identifier":{"reference":{"__symbol":1,"members":[]}}},"useClass":{"reference":{"__symbol":2,"members":[]},"diDeps":[{"isAttribute":false,"isHost":false,"isSelf":false,"isSkipSelf":false,"isOptional":false,"token":{"identifier":{"reference":{"__symbol":3,"members":[]}}}}],"lifecycleHooks":[]},"useFactory":null,"useExisting":null,"deps":[{"isAttribute":false,"isHost":false,"isSelf":false,"isSkipSelf":false,"isOptional":false,"token":{"identifier":{"reference":{"__symbol":3,"members":[]}}}}],"multi":false},"module":{"reference":{"__symbol":4,"members":[]},"diDeps":[],"lifecycleHooks":[]}}],"modules":[{"reference":{"__symbol":4,"members":[]},"diDeps":[],"lifecycleHooks":[]},{"reference":{"__symbol":5,"members":[]},"diDeps":[],"lifecycleHooks":[]},{"reference":{"__symbol":6,"members":[]},"diDeps":[],"lifecycleHooks":[]},{"reference":{"__symbol":0,"members":[]},"diDeps":[],"lifecycleHooks":[]}],"exportedDirectives":[{"reference":{"__symbol":7,"members":[]}},{"reference":{"__symbol":8,"members":[]}},{"reference":{"__symbol":9,"members":[]}},{"reference":{"__symbol":10,"members":[]}},{"reference":{"__symbol":11,"members":[]}},{"reference":{"__symbol":12,"members":[]}},{"reference":{"__symbol":13,"members":[]}},{"reference":{"__symbol":14,"members":[]}}],"exportedPipes":[]}}],"symbols":[{"__symbol":0,"name":"ItemModule","filePath":"/Users/adam/git/ionic2/dist/ionic-angular/components/item/item.module.d.ts"},{"__symbol":1,"name":"NgLocalization","filePath":"/Users/adam/git/ionic2/node_modules/@angular/common/common.d.ts"},{"__symbol":2,"name":"NgLocaleLocalization","filePath":"/Users/adam/git/ionic2/node_modules/@angular/common/common.d.ts"},{"__symbol":3,"name":"LOCALE_ID","filePath":"/Users/adam/git/ionic2/node_modules/@angular/core/core.d.ts"},{"__symbol":4,"name":"CommonModule","filePath":"/Users/adam/git/ionic2/node_modules/@angular/common/common.d.ts"},{"__symbol":5,"name":"IconModule","filePath":"/Users/adam/git/ionic2/dist/ionic-angular/components/icon/icon.module.d.ts"},{"__symbol":6,"name":"LabelModule","filePath":"/Users/adam/git/ionic2/dist/ionic-angular/components/label/label.module.d.ts"},{"__symbol":7,"name":"Item","filePath":"/Users/adam/git/ionic2/dist/ionic-angular/components/item/item.d.ts"},{"__symbol":8,"name":"ItemContent","filePath":"/Users/adam/git/ionic2/dist/ionic-angular/components/item/item-content.d.ts"},{"__symbol":9,"name":"ItemDivider","filePath":"/Users/adam/git/ionic2/dist/ionic-angular/components/item/item-divider.d.ts"},{"__symbol":10,"name":"ItemGroup","filePath":"/Users/adam/git/ionic2/dist/ionic-angular/components/item/item-group.d.ts"},{"__symbol":11,"name":"ItemOptions","filePath":"/Users/adam/git/ionic2/dist/ionic-angular/components/item/item-options.d.ts"},{"__symbol":12,"name":"ItemReorder","filePath":"/Users/adam/git/ionic2/dist/ionic-angular/components/item/item-reorder.d.ts"},{"__symbol":13,"name":"ItemSliding","filePath":"/Users/adam/git/ionic2/dist/ionic-angular/components/item/item-sliding.d.ts"},{"__symbol":14,"name":"Reorder","filePath":"/Users/adam/git/ionic2/dist/ionic-angular/components/item/reorder.d.ts"}]}