{"summaries":[{"symbol":{"__symbol":0,"members":[]},"metadata":{"__symbolic":"class"},"type":{"summaryKind":1,"type":{"reference":{"__symbol":0,"members":[]},"diDeps":[{"isAttribute":false,"isHost":false,"isSelf":false,"isSkipSelf":false,"isOptional":false,"token":{"identifier":{"reference":{"__symbol":1,"members":[]}}}},{"isAttribute":false,"isHost":false,"isSelf":false,"isSkipSelf":false,"isOptional":false,"token":{"identifier":{"reference":{"__symbol":2,"members":[]}}}},{"isAttribute":false,"isHost":false,"isSelf":false,"isSkipSelf":false,"isOptional":false,"token":{"identifier":{"reference":{"__symbol":3,"members":[]}}}},{"isAttribute":false,"isHost":false,"isSelf":false,"isSkipSelf":false,"isOptional":false,"token":{"identifier":{"reference":{"__symbol":4,"members":[]}}}},{"isAttribute":false,"isHost":false,"isSelf":false,"isSkipSelf":false,"isOptional":true,"token":{"identifier":{"reference":{"__symbol":5,"members":[]}}}}],"lifecycleHooks":[4]},"isComponent":true,"selector":"ion-list-header,ion-item,[ion-item],ion-item-divider","inputs":{"color":"color","mode":"mode"},"outputs":{},"hostListeners":{},"hostProperties":{},"hostAttributes":{"class":"item"},"providers":[],"viewProviders":[],"queries":[{"selectors":[{"identifier":{"reference":{"__symbol":6,"members":[]}}}],"first":true,"descendants":true,"propertyName":"contentLabel","read":null},{"selectors":[{"identifier":{"reference":{"__symbol":7,"members":[]}}}],"first":false,"descendants":false,"propertyName":"_buttons","read":null},{"selectors":[{"identifier":{"reference":{"__symbol":8,"members":[]}}}],"first":false,"descendants":false,"propertyName":"_icons","read":null}],"viewQueries":[{"selectors":[{"identifier":{"reference":{"__symbol":6,"members":[]}}}],"first":true,"descendants":true,"propertyName":"viewLabel","read":null}],"entryComponents":[],"changeDetection":0,"template":{"animations":[],"ngContentSelectors":["[item-left],ion-checkbox:not([item-right])","ion-label","*","ion-select,ion-input,ion-textarea,ion-datetime,ion-range,[item-content]","[item-right],ion-radio,ion-toggle"],"encapsulation":2},"componentViewType":{"__symbol":9,"members":[]},"rendererType":{"__symbol":10,"members":[]},"componentFactory":{"__symbol":11,"members":[]}}}],"symbols":[{"__symbol":0,"name":"Item","filePath":"/Users/adam/git/ionic2/dist/ionic-angular/components/item/item.d.ts"},{"__symbol":1,"name":"Form","filePath":"/Users/adam/git/ionic2/dist/ionic-angular/util/form.d.ts"},{"__symbol":2,"name":"Config","filePath":"/Users/adam/git/ionic2/dist/ionic-angular/config/config.d.ts"},{"__symbol":3,"name":"ElementRef","filePath":"/Users/adam/git/ionic2/node_modules/@angular/core/core.d.ts"},{"__symbol":4,"name":"Renderer","filePath":"/Users/adam/git/ionic2/node_modules/@angular/core/core.d.ts"},{"__symbol":5,"name":"ItemReorder","filePath":"/Users/adam/git/ionic2/dist/ionic-angular/components/item/item-reorder.d.ts"},{"__symbol":6,"name":"Label","filePath":"/Users/adam/git/ionic2/dist/ionic-angular/components/label/label.d.ts"},{"__symbol":7,"name":"Button","filePath":"/Users/adam/git/ionic2/dist/ionic-angular/components/button/button.d.ts"},{"__symbol":8,"name":"Icon","filePath":"/Users/adam/git/ionic2/dist/ionic-angular/components/icon/icon.d.ts"},{"__symbol":9,"name":"View_Item_0","filePath":"/Users/adam/git/ionic2/dist/ionic-angular/components/item/item.ngfactory.d.ts"},{"__symbol":10,"name":"RenderType_Item","filePath":"/Users/adam/git/ionic2/dist/ionic-angular/components/item/item.ngfactory.d.ts"},{"__symbol":11,"name":"ItemNgFactory","filePath":"/Users/adam/git/ionic2/dist/ionic-angular/components/item/item.ngfactory.d.ts"}]}