[{"__symbolic":"module","version":3,"metadata":{"ITEM_SIDE_FLAG_NONE":0,"ITEM_SIDE_FLAG_LEFT":1,"ITEM_SIDE_FLAG_RIGHT":2,"ITEM_SIDE_FLAG_BOTH":3,"ItemSliding":{"__symbolic":"class","decorators":[{"__symbolic":"call","expression":{"__symbolic":"reference","module":"@angular/core","name":"Component"},"arguments":[{"selector":"ion-item-sliding","template":"\n    <ng-content select=\"ion-item,[ion-item]\"></ng-content>\n    <ng-content select=\"ion-item-options\"></ng-content>\n  ","changeDetection":{"__symbolic":"select","expression":{"__symbolic":"reference","module":"@angular/core","name":"ChangeDetectionStrategy"},"member":"OnPush"},"encapsulation":{"__symbolic":"select","expression":{"__symbolic":"reference","module":"@angular/core","name":"ViewEncapsulation"},"member":"None"}}]}],"members":{"item":[{"__symbolic":"property","decorators":[{"__symbolic":"call","expression":{"__symbolic":"reference","module":"@angular/core","name":"ContentChild"},"arguments":[{"__symbolic":"reference","module":"./item","name":"Item"}]}]}],"ionDrag":[{"__symbolic":"property","decorators":[{"__symbolic":"call","expression":{"__symbolic":"reference","module":"@angular/core","name":"Output"}}]}],"__ctor__":[{"__symbolic":"constructor","parameterDecorators":[[{"__symbolic":"call","expression":{"__symbolic":"reference","module":"@angular/core","name":"Optional"}}],null,null,null,null,null],"parameters":[{"__symbolic":"reference","module":"../list/list","name":"List"},{"__symbolic":"reference","module":"../../platform/platform","name":"Platform"},{"__symbolic":"reference","module":"../../platform/dom-controller","name":"DomController"},{"__symbolic":"reference","module":"@angular/core","name":"Renderer"},{"__symbolic":"reference","module":"@angular/core","name":"ElementRef"},{"__symbolic":"reference","module":"@angular/core","name":"NgZone"}]}],"_itemOptions":[{"__symbolic":"property","decorators":[{"__symbolic":"call","expression":{"__symbolic":"reference","module":"@angular/core","name":"ContentChildren"},"arguments":[{"__symbolic":"reference","module":"./item-options","name":"ItemOptions"}]}]}],"getOpenAmount":[{"__symbolic":"method"}],"getSlidingPercent":[{"__symbolic":"method"}],"startSliding":[{"__symbolic":"method"}],"moveSliding":[{"__symbolic":"method"}],"endSliding":[{"__symbolic":"method"}],"fireSwipeEvent":[{"__symbolic":"method"}],"calculateOptsWidth":[{"__symbolic":"method"}],"_setOpenAmount":[{"__symbolic":"method"}],"_setState":[{"__symbolic":"method"}],"close":[{"__symbolic":"method"}],"setElementClass":[{"__symbolic":"method"}]}}}},{"__symbolic":"module","version":1,"metadata":{"ITEM_SIDE_FLAG_NONE":0,"ITEM_SIDE_FLAG_LEFT":1,"ITEM_SIDE_FLAG_RIGHT":2,"ITEM_SIDE_FLAG_BOTH":3,"ItemSliding":{"__symbolic":"class","decorators":[{"__symbolic":"call","expression":{"__symbolic":"reference","module":"@angular/core","name":"Component"},"arguments":[{"selector":"ion-item-sliding","template":"\n    <ng-content select=\"ion-item,[ion-item]\"></ng-content>\n    <ng-content select=\"ion-item-options\"></ng-content>\n  ","changeDetection":{"__symbolic":"select","expression":{"__symbolic":"reference","module":"@angular/core","name":"ChangeDetectionStrategy"},"member":"OnPush"},"encapsulation":{"__symbolic":"select","expression":{"__symbolic":"reference","module":"@angular/core","name":"ViewEncapsulation"},"member":"None"}}]}],"members":{"item":[{"__symbolic":"property","decorators":[{"__symbolic":"call","expression":{"__symbolic":"reference","module":"@angular/core","name":"ContentChild"},"arguments":[{"__symbolic":"reference","module":"./item","name":"Item"}]}]}],"ionDrag":[{"__symbolic":"property","decorators":[{"__symbolic":"call","expression":{"__symbolic":"reference","module":"@angular/core","name":"Output"}}]}],"__ctor__":[{"__symbolic":"constructor","parameterDecorators":[[{"__symbolic":"call","expression":{"__symbolic":"reference","module":"@angular/core","name":"Optional"}}],null,null,null,null,null],"parameters":[{"__symbolic":"reference","module":"../list/list","name":"List"},{"__symbolic":"reference","module":"../../platform/platform","name":"Platform"},{"__symbolic":"reference","module":"../../platform/dom-controller","name":"DomController"},{"__symbolic":"reference","module":"@angular/core","name":"Renderer"},{"__symbolic":"reference","module":"@angular/core","name":"ElementRef"},{"__symbolic":"reference","module":"@angular/core","name":"NgZone"}]}],"_itemOptions":[{"__symbolic":"property","decorators":[{"__symbolic":"call","expression":{"__symbolic":"reference","module":"@angular/core","name":"ContentChildren"},"arguments":[{"__symbolic":"reference","module":"./item-options","name":"ItemOptions"}]}]}],"getOpenAmount":[{"__symbolic":"method"}],"getSlidingPercent":[{"__symbolic":"method"}],"startSliding":[{"__symbolic":"method"}],"moveSliding":[{"__symbolic":"method"}],"endSliding":[{"__symbolic":"method"}],"fireSwipeEvent":[{"__symbolic":"method"}],"calculateOptsWidth":[{"__symbolic":"method"}],"_setOpenAmount":[{"__symbolic":"method"}],"_setState":[{"__symbolic":"method"}],"close":[{"__symbolic":"method"}],"setElementClass":[{"__symbolic":"method"}]}}}}]