{"summaries":[{"symbol":{"__symbol":0,"members":[]},"metadata":0},{"symbol":{"__symbol":1,"members":[]},"metadata":1},{"symbol":{"__symbol":2,"members":[]},"metadata":2},{"symbol":{"__symbol":3,"members":[]},"metadata":3},{"symbol":{"__symbol":4,"members":[]},"metadata":{"__symbolic":"class"},"type":{"summaryKind":1,"type":{"reference":{"__symbol":4,"members":[]},"diDeps":[{"isAttribute":false,"isHost":false,"isSelf":false,"isSkipSelf":false,"isOptional":true,"token":{"identifier":{"reference":{"__symbol":5,"members":[]}}}},{"isAttribute":false,"isHost":false,"isSelf":false,"isSkipSelf":false,"isOptional":false,"token":{"identifier":{"reference":{"__symbol":6,"members":[]}}}},{"isAttribute":false,"isHost":false,"isSelf":false,"isSkipSelf":false,"isOptional":false,"token":{"identifier":{"reference":{"__symbol":7,"members":[]}}}},{"isAttribute":false,"isHost":false,"isSelf":false,"isSkipSelf":false,"isOptional":false,"token":{"identifier":{"reference":{"__symbol":8,"members":[]}}}},{"isAttribute":false,"isHost":false,"isSelf":false,"isSkipSelf":false,"isOptional":false,"token":{"identifier":{"reference":{"__symbol":9,"members":[]}}}},{"isAttribute":false,"isHost":false,"isSelf":false,"isSkipSelf":false,"isOptional":false,"token":{"identifier":{"reference":{"__symbol":10,"members":[]}}}}],"lifecycleHooks":[]},"isComponent":true,"selector":"ion-item-sliding","inputs":{},"outputs":{"ionDrag":"ionDrag"},"hostListeners":{},"hostProperties":{},"hostAttributes":{},"providers":[],"viewProviders":[],"queries":[{"selectors":[{"identifier":{"reference":{"__symbol":11,"members":[]}}}],"first":true,"descendants":true,"propertyName":"item","read":null},{"selectors":[{"identifier":{"reference":{"__symbol":12,"members":[]}}}],"first":false,"descendants":false,"propertyName":"_itemOptions","read":null}],"viewQueries":[],"entryComponents":[],"changeDetection":0,"template":{"animations":[],"ngContentSelectors":["ion-item,[ion-item]","ion-item-options"],"encapsulation":2},"componentViewType":{"__symbol":13,"members":[]},"rendererType":{"__symbol":14,"members":[]},"componentFactory":{"__symbol":15,"members":[]}}}],"symbols":[{"__symbol":0,"name":"ITEM_SIDE_FLAG_NONE","filePath":"/Users/adam/git/ionic2/dist/ionic-angular/components/item/item-sliding.d.ts"},{"__symbol":1,"name":"ITEM_SIDE_FLAG_LEFT","filePath":"/Users/adam/git/ionic2/dist/ionic-angular/components/item/item-sliding.d.ts"},{"__symbol":2,"name":"ITEM_SIDE_FLAG_RIGHT","filePath":"/Users/adam/git/ionic2/dist/ionic-angular/components/item/item-sliding.d.ts"},{"__symbol":3,"name":"ITEM_SIDE_FLAG_BOTH","filePath":"/Users/adam/git/ionic2/dist/ionic-angular/components/item/item-sliding.d.ts"},{"__symbol":4,"name":"ItemSliding","filePath":"/Users/adam/git/ionic2/dist/ionic-angular/components/item/item-sliding.d.ts"},{"__symbol":5,"name":"List","filePath":"/Users/adam/git/ionic2/dist/ionic-angular/components/list/list.d.ts"},{"__symbol":6,"name":"Platform","filePath":"/Users/adam/git/ionic2/dist/ionic-angular/platform/platform.d.ts"},{"__symbol":7,"name":"DomController","filePath":"/Users/adam/git/ionic2/dist/ionic-angular/platform/dom-controller.d.ts"},{"__symbol":8,"name":"Renderer","filePath":"/Users/adam/git/ionic2/node_modules/@angular/core/core.d.ts"},{"__symbol":9,"name":"ElementRef","filePath":"/Users/adam/git/ionic2/node_modules/@angular/core/core.d.ts"},{"__symbol":10,"name":"NgZone","filePath":"/Users/adam/git/ionic2/node_modules/@angular/core/core.d.ts"},{"__symbol":11,"name":"Item","filePath":"/Users/adam/git/ionic2/dist/ionic-angular/components/item/item.d.ts"},{"__symbol":12,"name":"ItemOptions","filePath":"/Users/adam/git/ionic2/dist/ionic-angular/components/item/item-options.d.ts"},{"__symbol":13,"name":"View_ItemSliding_0","filePath":"/Users/adam/git/ionic2/dist/ionic-angular/components/item/item-sliding.ngfactory.d.ts"},{"__symbol":14,"name":"RenderType_ItemSliding","filePath":"/Users/adam/git/ionic2/dist/ionic-angular/components/item/item-sliding.ngfactory.d.ts"},{"__symbol":15,"name":"ItemSlidingNgFactory","filePath":"/Users/adam/git/ionic2/dist/ionic-angular/components/item/item-sliding.ngfactory.d.ts"}]}