{"summaries":[{"symbol":{"__symbol":0,"members":[]},"metadata":{"__symbolic":"function","parameters":["element"],"value":{"__symbolic":"index","expression":{"__symbolic":"reference","name":"element"},"index":"$ionIndex"}}},{"symbol":{"__symbol":1,"members":[]},"metadata":{"__symbolic":"function","parameters":["element"],"value":{"__symbolic":"index","expression":{"__symbolic":"reference","name":"element"},"index":"$ionReorderList"}}},{"symbol":{"__symbol":2,"members":[]},"metadata":{"__symbolic":"function"}}],"symbols":[{"__symbol":0,"name":"indexForItem","filePath":"/Users/adam/git/ionic2/dist/ionic-angular/components/item/item-reorder-util.d.ts"},{"__symbol":1,"name":"reorderListForItem","filePath":"/Users/adam/git/ionic2/dist/ionic-angular/components/item/item-reorder-util.d.ts"},{"__symbol":2,"name":"findReorderItem","filePath":"/Users/adam/git/ionic2/dist/ionic-angular/components/item/item-reorder-util.d.ts"}]}