[{"__symbolic":"module","version":3,"metadata":{"ItemReorderGesture":{"__symbolic":"class","members":{"__ctor__":[{"__symbolic":"constructor","parameters":[{"__symbolic":"reference","module":"../../platform/platform","name":"Platform"},{"__symbolic":"reference","name":"any"}]}],"onDragStart":[{"__symbolic":"method"}],"onDragMove":[{"__symbolic":"method"}],"onDragEnd":[{"__symbolic":"method"}],"itemForCoord":[{"__symbolic":"method"}],"scroll":[{"__symbolic":"method"}],"destroy":[{"__symbolic":"method"}]}},"ItemReorderGestureDelegate":{"__symbolic":"interface"}}},{"__symbolic":"module","version":1,"metadata":{"ItemReorderGesture":{"__symbolic":"class","members":{"__ctor__":[{"__symbolic":"constructor","parameters":[{"__symbolic":"reference","module":"../../platform/platform","name":"Platform"},{"__symbolic":"reference","name":"any"}]}],"onDragStart":[{"__symbolic":"method"}],"onDragMove":[{"__symbolic":"method"}],"onDragEnd":[{"__symbolic":"method"}],"itemForCoord":[{"__symbolic":"method"}],"scroll":[{"__symbolic":"method"}],"destroy":[{"__symbolic":"method"}]}},"ItemReorderGestureDelegate":{"__symbolic":"interface"}}}]