[{"__symbolic":"module","version":3,"metadata":{"indexForItem":{"__symbolic":"function","parameters":["element"],"value":{"__symbolic":"index","expression":{"__symbolic":"reference","name":"element"},"index":"$ionIndex"}},"reorderListForItem":{"__symbolic":"function","parameters":["element"],"value":{"__symbolic":"index","expression":{"__symbolic":"reference","name":"element"},"index":"$ionReorderList"}},"findReorderItem":{"__symbolic":"function"}}},{"__symbolic":"module","version":1,"metadata":{"indexForItem":{"__symbolic":"function","parameters":["element"],"value":{"__symbolic":"index","expression":{"__symbolic":"reference","name":"element"},"index":"$ionIndex"}},"reorderListForItem":{"__symbolic":"function","parameters":["element"],"value":{"__symbolic":"index","expression":{"__symbolic":"reference","name":"element"},"index":"$ionReorderList"}},"findReorderItem":{"__symbolic":"function"}}}]