[{"__symbolic":"module","version":3,"metadata":{"Item":{"__symbolic":"class","extends":{"__symbolic":"reference","module":"../ion","name":"Ion"},"decorators":[{"__symbolic":"call","expression":{"__symbolic":"reference","module":"@angular/core","name":"Component"},"arguments":[{"selector":"ion-list-header,ion-item,[ion-item],ion-item-divider","template":"<ng-content select=\"[item-left],ion-checkbox:not([item-right])\"></ng-content><div class=\"item-inner\"><div class=\"input-wrapper\"><ng-content select=\"ion-label\"></ng-content><ion-label *ngIf=\"_viewLabel\"><ng-content></ng-content></ion-label><ng-content select=\"ion-select,ion-input,ion-textarea,ion-datetime,ion-range,[item-content]\"></ng-content></div><ng-content select=\"[item-right],ion-radio,ion-toggle\"></ng-content><ion-reorder *ngIf=\"_hasReorder\"></ion-reorder></div><div class=\"button-effect\"></div>","host":{"class":"item","$quoted$":["class"]},"changeDetection":{"__symbolic":"select","expression":{"__symbolic":"reference","module":"@angular/core","name":"ChangeDetectionStrategy"},"member":"OnPush"},"encapsulation":{"__symbolic":"select","expression":{"__symbolic":"reference","module":"@angular/core","name":"ViewEncapsulation"},"member":"None"}}]}],"members":{"__ctor__":[{"__symbolic":"constructor","parameterDecorators":[null,null,null,null,[{"__symbolic":"call","expression":{"__symbolic":"reference","module":"@angular/core","name":"Optional"}}]],"parameters":[{"__symbolic":"reference","module":"../../util/form","name":"Form"},{"__symbolic":"reference","module":"../../config/config","name":"Config"},{"__symbolic":"reference","module":"@angular/core","name":"ElementRef"},{"__symbolic":"reference","module":"@angular/core","name":"Renderer"},{"__symbolic":"reference","module":"./item-reorder","name":"ItemReorder"}]}],"registerInput":[{"__symbolic":"method"}],"ngAfterContentInit":[{"__symbolic":"method"}],"_updateColor":[{"__symbolic":"method"}],"_setName":[{"__symbolic":"method"}],"getLabelText":[{"__symbolic":"method"}],"contentLabel":[{"__symbolic":"property","decorators":[{"__symbolic":"call","expression":{"__symbolic":"reference","module":"@angular/core","name":"ContentChild"},"arguments":[{"__symbolic":"reference","module":"../label/label","name":"Label"}]}]}],"viewLabel":[{"__symbolic":"property","decorators":[{"__symbolic":"call","expression":{"__symbolic":"reference","module":"@angular/core","name":"ViewChild"},"arguments":[{"__symbolic":"reference","module":"../label/label","name":"Label"}]}]}],"_buttons":[{"__symbolic":"property","decorators":[{"__symbolic":"call","expression":{"__symbolic":"reference","module":"@angular/core","name":"ContentChildren"},"arguments":[{"__symbolic":"reference","module":"../button/button","name":"Button"}]}]}],"_icons":[{"__symbolic":"property","decorators":[{"__symbolic":"call","expression":{"__symbolic":"reference","module":"@angular/core","name":"ContentChildren"},"arguments":[{"__symbolic":"reference","module":"../icon/icon","name":"Icon"}]}]}]}}}},{"__symbolic":"module","version":1,"metadata":{"Item":{"__symbolic":"class","extends":{"__symbolic":"reference","module":"../ion","name":"Ion"},"decorators":[{"__symbolic":"call","expression":{"__symbolic":"reference","module":"@angular/core","name":"Component"},"arguments":[{"selector":"ion-list-header,ion-item,[ion-item],ion-item-divider","template":"<ng-content select=\"[item-left],ion-checkbox:not([item-right])\"></ng-content><div class=\"item-inner\"><div class=\"input-wrapper\"><ng-content select=\"ion-label\"></ng-content><ion-label *ngIf=\"_viewLabel\"><ng-content></ng-content></ion-label><ng-content select=\"ion-select,ion-input,ion-textarea,ion-datetime,ion-range,[item-content]\"></ng-content></div><ng-content select=\"[item-right],ion-radio,ion-toggle\"></ng-content><ion-reorder *ngIf=\"_hasReorder\"></ion-reorder></div><div class=\"button-effect\"></div>","host":{"class":"item"},"changeDetection":{"__symbolic":"select","expression":{"__symbolic":"reference","module":"@angular/core","name":"ChangeDetectionStrategy"},"member":"OnPush"},"encapsulation":{"__symbolic":"select","expression":{"__symbolic":"reference","module":"@angular/core","name":"ViewEncapsulation"},"member":"None"}}]}],"members":{"__ctor__":[{"__symbolic":"constructor","parameterDecorators":[null,null,null,null,[{"__symbolic":"call","expression":{"__symbolic":"reference","module":"@angular/core","name":"Optional"}}]],"parameters":[{"__symbolic":"reference","module":"../../util/form","name":"Form"},{"__symbolic":"reference","module":"../../config/config","name":"Config"},{"__symbolic":"reference","module":"@angular/core","name":"ElementRef"},{"__symbolic":"reference","module":"@angular/core","name":"Renderer"},{"__symbolic":"reference","module":"./item-reorder","name":"ItemReorder"}]}],"registerInput":[{"__symbolic":"method"}],"ngAfterContentInit":[{"__symbolic":"method"}],"_updateColor":[{"__symbolic":"method"}],"_setName":[{"__symbolic":"method"}],"getLabelText":[{"__symbolic":"method"}],"contentLabel":[{"__symbolic":"property","decorators":[{"__symbolic":"call","expression":{"__symbolic":"reference","module":"@angular/core","name":"ContentChild"},"arguments":[{"__symbolic":"reference","module":"../label/label","name":"Label"}]}]}],"viewLabel":[{"__symbolic":"property","decorators":[{"__symbolic":"call","expression":{"__symbolic":"reference","module":"@angular/core","name":"ViewChild"},"arguments":[{"__symbolic":"reference","module":"../label/label","name":"Label"}]}]}],"_buttons":[{"__symbolic":"property","decorators":[{"__symbolic":"call","expression":{"__symbolic":"reference","module":"@angular/core","name":"ContentChildren"},"arguments":[{"__symbolic":"reference","module":"../button/button","name":"Button"}]}]}],"_icons":[{"__symbolic":"property","decorators":[{"__symbolic":"call","expression":{"__symbolic":"reference","module":"@angular/core","name":"ContentChildren"},"arguments":[{"__symbolic":"reference","module":"../icon/icon","name":"Icon"}]}]}]}}}}]