{"summaries":[{"symbol":{"__symbol":0,"members":[]},"metadata":{"__symbolic":"class"}},{"symbol":{"__symbol":1,"members":[]},"metadata":{"__symbolic":"class"},"type":{"summaryKind":1,"type":{"reference":{"__symbol":1,"members":[]},"diDeps":[{"isAttribute":false,"isHost":false,"isSelf":false,"isSkipSelf":false,"isOptional":false,"token":{"identifier":{"reference":{"__symbol":2,"members":[]}}}},{"isAttribute":false,"isHost":false,"isSelf":false,"isSkipSelf":false,"isOptional":false,"token":{"identifier":{"reference":{"__symbol":3,"members":[]}}}},{"isAttribute":false,"isHost":false,"isSelf":false,"isSkipSelf":false,"isOptional":false,"token":{"identifier":{"reference":{"__symbol":4,"members":[]}}}},{"isAttribute":false,"isHost":false,"isSelf":false,"isSkipSelf":false,"isOptional":false,"token":{"identifier":{"reference":{"__symbol":5,"members":[]}}}},{"isAttribute":false,"isHost":false,"isSelf":false,"isSkipSelf":false,"isOptional":false,"token":{"identifier":{"reference":{"__symbol":6,"members":[]}}}},{"isAttribute":false,"isHost":false,"isSelf":false,"isSkipSelf":false,"isOptional":true,"token":{"identifier":{"reference":{"__symbol":7,"members":[]}}}}],"lifecycleHooks":[1]},"isComponent":false,"selector":"ion-list[reorder],ion-item-group[reorder]","inputs":{"reorder":"reorder"},"outputs":{"ionItemReorder":"ionItemReorder"},"hostListeners":{},"hostProperties":{"class.reorder-enabled":"_enableReorder","class.reorder-visible":"_visibleReorder"},"hostAttributes":{},"providers":[],"viewProviders":[],"queries":[],"viewQueries":[],"entryComponents":[],"changeDetection":null,"template":null}}],"symbols":[{"__symbol":0,"name":"ReorderIndexes","filePath":"/Users/adam/git/ionic2/dist/ionic-angular/components/item/item-reorder.d.ts"},{"__symbol":1,"name":"ItemReorder","filePath":"/Users/adam/git/ionic2/dist/ionic-angular/components/item/item-reorder.d.ts"},{"__symbol":2,"name":"Platform","filePath":"/Users/adam/git/ionic2/dist/ionic-angular/platform/platform.d.ts"},{"__symbol":3,"name":"DomController","filePath":"/Users/adam/git/ionic2/dist/ionic-angular/platform/dom-controller.d.ts"},{"__symbol":4,"name":"ElementRef","filePath":"/Users/adam/git/ionic2/node_modules/@angular/core/core.d.ts"},{"__symbol":5,"name":"Renderer","filePath":"/Users/adam/git/ionic2/node_modules/@angular/core/core.d.ts"},{"__symbol":6,"name":"NgZone","filePath":"/Users/adam/git/ionic2/node_modules/@angular/core/core.d.ts"},{"__symbol":7,"name":"Content","filePath":"/Users/adam/git/ionic2/dist/ionic-angular/components/content/content.d.ts"}]}