[{"__symbolic":"module","version":3,"metadata":{"ItemSlidingGesture":{"__symbolic":"class","extends":{"__symbolic":"reference","module":"../../gestures/drag-gesture","name":"PanGesture"},"members":{"__ctor__":[{"__symbolic":"constructor","parameters":[{"__symbolic":"reference","module":"../../platform/platform","name":"Platform"},{"__symbolic":"reference","module":"../list/list","name":"List"},{"__symbolic":"reference","module":"../../gestures/gesture-controller","name":"GestureController"},{"__symbolic":"reference","module":"../../platform/dom-controller","name":"DomController"}]}],"canStart":[{"__symbolic":"method"}],"onDragStart":[{"__symbolic":"method"}],"onDragMove":[{"__symbolic":"method"}],"onDragEnd":[{"__symbolic":"method"}],"notCaptured":[{"__symbolic":"method"}],"closeOpened":[{"__symbolic":"method"}],"destroy":[{"__symbolic":"method"}]}}}},{"__symbolic":"module","version":1,"metadata":{"ItemSlidingGesture":{"__symbolic":"class","extends":{"__symbolic":"reference","module":"../../gestures/drag-gesture","name":"PanGesture"},"members":{"__ctor__":[{"__symbolic":"constructor","parameters":[{"__symbolic":"reference","module":"../../platform/platform","name":"Platform"},{"__symbolic":"reference","module":"../list/list","name":"List"},{"__symbolic":"reference","module":"../../gestures/gesture-controller","name":"GestureController"},{"__symbolic":"reference","module":"../../platform/dom-controller","name":"DomController"}]}],"canStart":[{"__symbolic":"method"}],"onDragStart":[{"__symbolic":"method"}],"onDragMove":[{"__symbolic":"method"}],"onDragEnd":[{"__symbolic":"method"}],"notCaptured":[{"__symbolic":"method"}],"closeOpened":[{"__symbolic":"method"}],"destroy":[{"__symbolic":"method"}]}}}}]