[{"__symbolic":"module","version":3,"metadata":{"ItemContent":{"__symbolic":"class","decorators":[{"__symbolic":"call","expression":{"__symbolic":"reference","module":"@angular/core","name":"Directive"},"arguments":[{"selector":"ion-item,[ion-item]","host":{"class":"item-block","$quoted$":["class"]}}]}]}}},{"__symbolic":"module","version":1,"metadata":{"ItemContent":{"__symbolic":"class","decorators":[{"__symbolic":"call","expression":{"__symbolic":"reference","module":"@angular/core","name":"Directive"},"arguments":[{"selector":"ion-item,[ion-item]","host":{"class":"item-block"}}]}]}}}]