[{"__symbolic":"module","version":3,"metadata":{"ItemModule":{"__symbolic":"class","decorators":[{"__symbolic":"call","expression":{"__symbolic":"reference","module":"@angular/core","name":"NgModule"},"arguments":[{"imports":[{"__symbolic":"reference","module":"@angular/common","name":"CommonModule"},{"__symbolic":"reference","module":"../icon/icon.module","name":"IconModule"},{"__symbolic":"reference","module":"../label/label.module","name":"LabelModule"}],"declarations":[{"__symbolic":"reference","module":"./item","name":"Item"},{"__symbolic":"reference","module":"./item-content","name":"ItemContent"},{"__symbolic":"reference","module":"./item-divider","name":"ItemDivider"},{"__symbolic":"reference","module":"./item-group","name":"ItemGroup"},{"__symbolic":"reference","module":"./item-options","name":"ItemOptions"},{"__symbolic":"reference","module":"./item-reorder","name":"ItemReorder"},{"__symbolic":"reference","module":"./item-sliding","name":"ItemSliding"},{"__symbolic":"reference","module":"./reorder","name":"Reorder"}],"exports":[{"__symbolic":"reference","module":"./item","name":"Item"},{"__symbolic":"reference","module":"./item-content","name":"ItemContent"},{"__symbolic":"reference","module":"./item-divider","name":"ItemDivider"},{"__symbolic":"reference","module":"./item-group","name":"ItemGroup"},{"__symbolic":"reference","module":"./item-options","name":"ItemOptions"},{"__symbolic":"reference","module":"./item-reorder","name":"ItemReorder"},{"__symbolic":"reference","module":"./item-sliding","name":"ItemSliding"},{"__symbolic":"reference","module":"./reorder","name":"Reorder"}]}]}],"statics":{"forRoot":{"__symbolic":"function","parameters":[],"value":{"ngModule":{"__symbolic":"reference","name":"ItemModule"},"providers":[]}}}}}},{"__symbolic":"module","version":1,"metadata":{"ItemModule":{"__symbolic":"class","decorators":[{"__symbolic":"call","expression":{"__symbolic":"reference","module":"@angular/core","name":"NgModule"},"arguments":[{"imports":[{"__symbolic":"reference","module":"@angular/common","name":"CommonModule"},{"__symbolic":"reference","module":"../icon/icon.module","name":"IconModule"},{"__symbolic":"reference","module":"../label/label.module","name":"LabelModule"}],"declarations":[{"__symbolic":"reference","module":"./item","name":"Item"},{"__symbolic":"reference","module":"./item-content","name":"ItemContent"},{"__symbolic":"reference","module":"./item-divider","name":"ItemDivider"},{"__symbolic":"reference","module":"./item-group","name":"ItemGroup"},{"__symbolic":"reference","module":"./item-options","name":"ItemOptions"},{"__symbolic":"reference","module":"./item-reorder","name":"ItemReorder"},{"__symbolic":"reference","module":"./item-sliding","name":"ItemSliding"},{"__symbolic":"reference","module":"./reorder","name":"Reorder"}],"exports":[{"__symbolic":"reference","module":"./item","name":"Item"},{"__symbolic":"reference","module":"./item-content","name":"ItemContent"},{"__symbolic":"reference","module":"./item-divider","name":"ItemDivider"},{"__symbolic":"reference","module":"./item-group","name":"ItemGroup"},{"__symbolic":"reference","module":"./item-options","name":"ItemOptions"},{"__symbolic":"reference","module":"./item-reorder","name":"ItemReorder"},{"__symbolic":"reference","module":"./item-sliding","name":"ItemSliding"},{"__symbolic":"reference","module":"./reorder","name":"Reorder"}]}]}],"statics":{"forRoot":{"__symbolic":"function","parameters":[],"value":{"ngModule":{"__symbolic":"reference","name":"ItemModule"},"providers":[]}}}}}}]