[{"__symbolic":"module","version":3,"metadata":{"ReorderIndexes":{"__symbolic":"class","members":{"__ctor__":[{"__symbolic":"constructor","parameters":[{"__symbolic":"reference","name":"number"},{"__symbolic":"reference","name":"number"}]}],"applyTo":[{"__symbolic":"method"}]}},"ItemReorder":{"__symbolic":"class","decorators":[{"__symbolic":"call","expression":{"__symbolic":"reference","module":"@angular/core","name":"Directive"},"arguments":[{"selector":"ion-list[reorder],ion-item-group[reorder]","host":{"[class.reorder-enabled]":"_enableReorder","[class.reorder-visible]":"_visibleReorder","$quoted$":["[class.reorder-enabled]","[class.reorder-visible]"]}}]}],"members":{"ionItemReorder":[{"__symbolic":"property","decorators":[{"__symbolic":"call","expression":{"__symbolic":"reference","module":"@angular/core","name":"Output"}}]}],"__ctor__":[{"__symbolic":"constructor","parameterDecorators":[null,null,null,null,null,[{"__symbolic":"call","expression":{"__symbolic":"reference","module":"@angular/core","name":"Optional"}}]],"parameters":[{"__symbolic":"reference","module":"../../platform/platform","name":"Platform"},{"__symbolic":"reference","module":"../../platform/dom-controller","name":"DomController"},{"__symbolic":"reference","module":"@angular/core","name":"ElementRef"},{"__symbolic":"reference","module":"@angular/core","name":"Renderer"},{"__symbolic":"reference","module":"@angular/core","name":"NgZone"},{"__symbolic":"reference","module":"../content/content","name":"Content"}]}],"ngOnDestroy":[{"__symbolic":"method"}],"reorder":[{"__symbolic":"property","decorators":[{"__symbolic":"call","expression":{"__symbolic":"reference","module":"@angular/core","name":"Input"}}]}],"_reorderPrepare":[{"__symbolic":"method"}],"_reorderStart":[{"__symbolic":"method"}],"_reorderEmit":[{"__symbolic":"method"}],"_scrollContent":[{"__symbolic":"method"}],"_reorderReset":[{"__symbolic":"method"}],"_reorderMove":[{"__symbolic":"method"}],"setElementClass":[{"__symbolic":"method"}],"getNativeElement":[{"__symbolic":"method"}]}}}},{"__symbolic":"module","version":1,"metadata":{"ReorderIndexes":{"__symbolic":"class","members":{"__ctor__":[{"__symbolic":"constructor","parameters":[{"__symbolic":"reference","name":"number"},{"__symbolic":"reference","name":"number"}]}],"applyTo":[{"__symbolic":"method"}]}},"ItemReorder":{"__symbolic":"class","decorators":[{"__symbolic":"call","expression":{"__symbolic":"reference","module":"@angular/core","name":"Directive"},"arguments":[{"selector":"ion-list[reorder],ion-item-group[reorder]","host":{"[class.reorder-enabled]":"_enableReorder","[class.reorder-visible]":"_visibleReorder"}}]}],"members":{"ionItemReorder":[{"__symbolic":"property","decorators":[{"__symbolic":"call","expression":{"__symbolic":"reference","module":"@angular/core","name":"Output"}}]}],"__ctor__":[{"__symbolic":"constructor","parameterDecorators":[null,null,null,null,null,[{"__symbolic":"call","expression":{"__symbolic":"reference","module":"@angular/core","name":"Optional"}}]],"parameters":[{"__symbolic":"reference","module":"../../platform/platform","name":"Platform"},{"__symbolic":"reference","module":"../../platform/dom-controller","name":"DomController"},{"__symbolic":"reference","module":"@angular/core","name":"ElementRef"},{"__symbolic":"reference","module":"@angular/core","name":"Renderer"},{"__symbolic":"reference","module":"@angular/core","name":"NgZone"},{"__symbolic":"reference","module":"../content/content","name":"Content"}]}],"ngOnDestroy":[{"__symbolic":"method"}],"reorder":[{"__symbolic":"property","decorators":[{"__symbolic":"call","expression":{"__symbolic":"reference","module":"@angular/core","name":"Input"}}]}],"_reorderPrepare":[{"__symbolic":"method"}],"_reorderStart":[{"__symbolic":"method"}],"_reorderEmit":[{"__symbolic":"method"}],"_scrollContent":[{"__symbolic":"method"}],"_reorderReset":[{"__symbolic":"method"}],"_reorderMove":[{"__symbolic":"method"}],"setElementClass":[{"__symbolic":"method"}],"getNativeElement":[{"__symbolic":"method"}]}}}}]