{"summaries":[{"symbol":{"__symbol":0,"members":[]},"metadata":{"__symbolic":"class"},"type":{"summaryKind":1,"type":{"reference":{"__symbol":0,"members":[]},"diDeps":[],"lifecycleHooks":[]},"isComponent":false,"selector":"ion-item,[ion-item]","inputs":{},"outputs":{},"hostListeners":{},"hostProperties":{},"hostAttributes":{"class":"item-block"},"providers":[],"viewProviders":[],"queries":[],"viewQueries":[],"entryComponents":[],"changeDetection":null,"template":null}}],"symbols":[{"__symbol":0,"name":"ItemContent","filePath":"/Users/adam/git/ionic2/dist/ionic-angular/components/item/item-content.d.ts"}]}