{"summaries":[{"symbol":{"__symbol":0,"members":[]},"metadata":{"__symbolic":"class"},"type":{"summaryKind":1,"type":{"reference":{"__symbol":0,"members":[]},"diDeps":[{"isAttribute":false,"isHost":false,"isSelf":false,"isSkipSelf":false,"isOptional":false,"token":{"identifier":{"reference":{"__symbol":1,"members":[]}}}}],"lifecycleHooks":[]},"isComponent":true,"selector":"ion-reorder","inputs":{},"outputs":{},"hostListeners":{"click":"onClick($event)"},"hostProperties":{},"hostAttributes":{},"providers":[],"viewProviders":[],"queries":[],"viewQueries":[],"entryComponents":[],"changeDetection":1,"template":{"animations":[],"ngContentSelectors":[],"encapsulation":2},"componentViewType":{"__symbol":2,"members":[]},"rendererType":{"__symbol":3,"members":[]},"componentFactory":{"__symbol":4,"members":[]}}}],"symbols":[{"__symbol":0,"name":"Reorder","filePath":"/Users/adam/git/ionic2/dist/ionic-angular/components/item/reorder.d.ts"},{"__symbol":1,"name":"ElementRef","filePath":"/Users/adam/git/ionic2/node_modules/@angular/core/core.d.ts"},{"__symbol":2,"name":"View_Reorder_0","filePath":"/Users/adam/git/ionic2/dist/ionic-angular/components/item/reorder.ngfactory.d.ts"},{"__symbol":3,"name":"RenderType_Reorder","filePath":"/Users/adam/git/ionic2/dist/ionic-angular/components/item/reorder.ngfactory.d.ts"},{"__symbol":4,"name":"ReorderNgFactory","filePath":"/Users/adam/git/ionic2/dist/ionic-angular/components/item/reorder.ngfactory.d.ts"}]}