[{"__symbolic":"module","version":3,"metadata":{"Loading":{"__symbolic":"class","extends":{"__symbolic":"reference","module":"../../navigation/view-controller","name":"ViewController"},"members":{"__ctor__":[{"__symbolic":"constructor","parameters":[{"__symbolic":"reference","module":"../app/app","name":"App"},{"__symbolic":"reference","module":"./loading-options","name":"LoadingOptions"},{"__symbolic":"reference","module":"../../config/config","name":"Config"}]}],"getTransitionName":[{"__symbolic":"method"}],"setContent":[{"__symbolic":"method"}],"setSpinner":[{"__symbolic":"method"}],"setCssClass":[{"__symbolic":"method"}],"setShowBackdrop":[{"__symbolic":"method"}],"setDuration":[{"__symbolic":"method"}],"present":[{"__symbolic":"method"}],"dismissAll":[{"__symbolic":"method"}]}}}},{"__symbolic":"module","version":1,"metadata":{"Loading":{"__symbolic":"class","extends":{"__symbolic":"reference","module":"../../navigation/view-controller","name":"ViewController"},"members":{"__ctor__":[{"__symbolic":"constructor","parameters":[{"__symbolic":"reference","module":"../app/app","name":"App"},{"__symbolic":"reference","module":"./loading-options","name":"LoadingOptions"},{"__symbolic":"reference","module":"../../config/config","name":"Config"}]}],"getTransitionName":[{"__symbolic":"method"}],"setContent":[{"__symbolic":"method"}],"setSpinner":[{"__symbolic":"method"}],"setCssClass":[{"__symbolic":"method"}],"setShowBackdrop":[{"__symbolic":"method"}],"setDuration":[{"__symbolic":"method"}],"present":[{"__symbolic":"method"}],"dismissAll":[{"__symbolic":"method"}]}}}}]