[{"__symbolic":"module","version":3,"metadata":{"LoadingModule":{"__symbolic":"class","decorators":[{"__symbolic":"call","expression":{"__symbolic":"reference","module":"@angular/core","name":"NgModule"},"arguments":[{"imports":[{"__symbolic":"reference","module":"../backdrop/backdrop.module","name":"BackdropModule"},{"__symbolic":"reference","module":"@angular/common","name":"CommonModule"},{"__symbolic":"reference","module":"../spinner/spinner.module","name":"SpinnerModule"}],"declarations":[{"__symbolic":"reference","module":"./loading-component","name":"LoadingCmp"}],"exports":[{"__symbolic":"reference","module":"./loading-component","name":"LoadingCmp"}],"entryComponents":[{"__symbolic":"reference","module":"./loading-component","name":"LoadingCmp"}]}]}],"statics":{"forRoot":{"__symbolic":"function","parameters":[],"value":{"ngModule":{"__symbolic":"reference","name":"LoadingModule"},"providers":[]}}}}}},{"__symbolic":"module","version":1,"metadata":{"LoadingModule":{"__symbolic":"class","decorators":[{"__symbolic":"call","expression":{"__symbolic":"reference","module":"@angular/core","name":"NgModule"},"arguments":[{"imports":[{"__symbolic":"reference","module":"../backdrop/backdrop.module","name":"BackdropModule"},{"__symbolic":"reference","module":"@angular/common","name":"CommonModule"},{"__symbolic":"reference","module":"../spinner/spinner.module","name":"SpinnerModule"}],"declarations":[{"__symbolic":"reference","module":"./loading-component","name":"LoadingCmp"}],"exports":[{"__symbolic":"reference","module":"./loading-component","name":"LoadingCmp"}],"entryComponents":[{"__symbolic":"reference","module":"./loading-component","name":"LoadingCmp"}]}]}],"statics":{"forRoot":{"__symbolic":"function","parameters":[],"value":{"ngModule":{"__symbolic":"reference","name":"LoadingModule"},"providers":[]}}}}}}]