[{"__symbolic":"module","version":3,"metadata":{"LoadingPopIn":{"__symbolic":"class","extends":{"__symbolic":"reference","module":"../../transitions/transition","name":"Transition"},"members":{"init":[{"__symbolic":"method"}]}},"LoadingPopOut":{"__symbolic":"class","extends":{"__symbolic":"reference","module":"../../transitions/transition","name":"Transition"},"members":{"init":[{"__symbolic":"method"}]}},"LoadingMdPopIn":{"__symbolic":"class","extends":{"__symbolic":"reference","module":"../../transitions/transition","name":"Transition"},"members":{"init":[{"__symbolic":"method"}]}},"LoadingMdPopOut":{"__symbolic":"class","extends":{"__symbolic":"reference","module":"../../transitions/transition","name":"Transition"},"members":{"init":[{"__symbolic":"method"}]}},"LoadingWpPopIn":{"__symbolic":"class","extends":{"__symbolic":"reference","module":"../../transitions/transition","name":"Transition"},"members":{"init":[{"__symbolic":"method"}]}},"LoadingWpPopOut":{"__symbolic":"class","extends":{"__symbolic":"reference","module":"../../transitions/transition","name":"Transition"},"members":{"init":[{"__symbolic":"method"}]}}}},{"__symbolic":"module","version":1,"metadata":{"LoadingPopIn":{"__symbolic":"class","extends":{"__symbolic":"reference","module":"../../transitions/transition","name":"Transition"},"members":{"init":[{"__symbolic":"method"}]}},"LoadingPopOut":{"__symbolic":"class","extends":{"__symbolic":"reference","module":"../../transitions/transition","name":"Transition"},"members":{"init":[{"__symbolic":"method"}]}},"LoadingMdPopIn":{"__symbolic":"class","extends":{"__symbolic":"reference","module":"../../transitions/transition","name":"Transition"},"members":{"init":[{"__symbolic":"method"}]}},"LoadingMdPopOut":{"__symbolic":"class","extends":{"__symbolic":"reference","module":"../../transitions/transition","name":"Transition"},"members":{"init":[{"__symbolic":"method"}]}},"LoadingWpPopIn":{"__symbolic":"class","extends":{"__symbolic":"reference","module":"../../transitions/transition","name":"Transition"},"members":{"init":[{"__symbolic":"method"}]}},"LoadingWpPopOut":{"__symbolic":"class","extends":{"__symbolic":"reference","module":"../../transitions/transition","name":"Transition"},"members":{"init":[{"__symbolic":"method"}]}}}}]