{"summaries":[{"symbol":{"__symbol":0,"members":[]},"metadata":{"__symbolic":"class"}},{"symbol":{"__symbol":1,"members":[]},"metadata":{"__symbolic":"class"}},{"symbol":{"__symbol":2,"members":[]},"metadata":{"__symbolic":"class"}},{"symbol":{"__symbol":3,"members":[]},"metadata":{"__symbolic":"class"}},{"symbol":{"__symbol":4,"members":[]},"metadata":{"__symbolic":"class"}},{"symbol":{"__symbol":5,"members":[]},"metadata":{"__symbolic":"class"}}],"symbols":[{"__symbol":0,"name":"LoadingPopIn","filePath":"/Users/adam/git/ionic2/dist/ionic-angular/components/loading/loading-transitions.d.ts"},{"__symbol":1,"name":"LoadingPopOut","filePath":"/Users/adam/git/ionic2/dist/ionic-angular/components/loading/loading-transitions.d.ts"},{"__symbol":2,"name":"LoadingMdPopIn","filePath":"/Users/adam/git/ionic2/dist/ionic-angular/components/loading/loading-transitions.d.ts"},{"__symbol":3,"name":"LoadingMdPopOut","filePath":"/Users/adam/git/ionic2/dist/ionic-angular/components/loading/loading-transitions.d.ts"},{"__symbol":4,"name":"LoadingWpPopIn","filePath":"/Users/adam/git/ionic2/dist/ionic-angular/components/loading/loading-transitions.d.ts"},{"__symbol":5,"name":"LoadingWpPopOut","filePath":"/Users/adam/git/ionic2/dist/ionic-angular/components/loading/loading-transitions.d.ts"}]}