[{"__symbolic":"module","version":3,"metadata":{"CheckboxModule":{"__symbolic":"class","decorators":[{"__symbolic":"call","expression":{"__symbolic":"reference","module":"@angular/core","name":"NgModule"},"arguments":[{"declarations":[{"__symbolic":"reference","module":"./checkbox","name":"Checkbox"}],"exports":[{"__symbolic":"reference","module":"./checkbox","name":"Checkbox"}]}]}],"statics":{"forRoot":{"__symbolic":"function","parameters":[],"value":{"ngModule":{"__symbolic":"reference","name":"CheckboxModule"},"providers":[]}}}}}},{"__symbolic":"module","version":1,"metadata":{"CheckboxModule":{"__symbolic":"class","decorators":[{"__symbolic":"call","expression":{"__symbolic":"reference","module":"@angular/core","name":"NgModule"},"arguments":[{"declarations":[{"__symbolic":"reference","module":"./checkbox","name":"Checkbox"}],"exports":[{"__symbolic":"reference","module":"./checkbox","name":"Checkbox"}]}]}],"statics":{"forRoot":{"__symbolic":"function","parameters":[],"value":{"ngModule":{"__symbolic":"reference","name":"CheckboxModule"},"providers":[]}}}}}}]