{"summaries":[{"symbol":{"__symbol":0,"members":[]},"metadata":{"provide":{"__symbol":1,"members":[]},"useExisting":{"__symbol":2,"members":[]},"multi":true}},{"symbol":{"__symbol":2,"members":[]},"metadata":{"__symbolic":"class"},"type":{"summaryKind":1,"type":{"reference":{"__symbol":2,"members":[]},"diDeps":[{"isAttribute":false,"isHost":false,"isSelf":false,"isSkipSelf":false,"isOptional":false,"token":{"identifier":{"reference":{"__symbol":3,"members":[]}}}},{"isAttribute":false,"isHost":false,"isSelf":false,"isSkipSelf":false,"isOptional":false,"token":{"identifier":{"reference":{"__symbol":4,"members":[]}}}},{"isAttribute":false,"isHost":false,"isSelf":false,"isSkipSelf":false,"isOptional":true,"token":{"identifier":{"reference":{"__symbol":5,"members":[]}}}},{"isAttribute":false,"isHost":false,"isSelf":false,"isSkipSelf":false,"isOptional":false,"token":{"identifier":{"reference":{"__symbol":6,"members":[]}}}},{"isAttribute":false,"isHost":false,"isSelf":false,"isSkipSelf":false,"isOptional":false,"token":{"identifier":{"reference":{"__symbol":7,"members":[]}}}},{"isAttribute":false,"isHost":false,"isSelf":false,"isSkipSelf":false,"isOptional":false,"token":{"identifier":{"reference":{"__symbol":8,"members":[]}}}}],"lifecycleHooks":[1,6]},"isComponent":true,"selector":"ion-checkbox","inputs":{"color":"color","mode":"mode","disabled":"disabled","checked":"checked"},"outputs":{"ionFocus":"ionFocus","ionChange":"ionChange","ionBlur":"ionBlur"},"hostListeners":{"click":"_click($event)"},"hostProperties":{"class.checkbox-disabled":"_disabled"},"hostAttributes":{},"providers":[{"token":{"identifier":{"reference":{"__symbol":1,"members":[]}}},"useClass":null,"useFactory":null,"useExisting":{"identifier":{"reference":{"__symbol":2,"members":[]}}},"multi":true}],"viewProviders":[],"queries":[],"viewQueries":[],"entryComponents":[],"changeDetection":1,"template":{"animations":[],"ngContentSelectors":[],"encapsulation":2},"componentViewType":{"__symbol":9,"members":[]},"rendererType":{"__symbol":10,"members":[]},"componentFactory":{"__symbol":11,"members":[]}}}],"symbols":[{"__symbol":0,"name":"CHECKBOX_VALUE_ACCESSOR","filePath":"/Users/adam/git/ionic2/dist/ionic-angular/components/checkbox/checkbox.d.ts"},{"__symbol":1,"name":"NG_VALUE_ACCESSOR","filePath":"/Users/adam/git/ionic2/node_modules/@angular/forms/forms.d.ts"},{"__symbol":2,"name":"Checkbox","filePath":"/Users/adam/git/ionic2/dist/ionic-angular/components/checkbox/checkbox.d.ts"},{"__symbol":3,"name":"Config","filePath":"/Users/adam/git/ionic2/dist/ionic-angular/config/config.d.ts"},{"__symbol":4,"name":"Form","filePath":"/Users/adam/git/ionic2/dist/ionic-angular/util/form.d.ts"},{"__symbol":5,"name":"Item","filePath":"/Users/adam/git/ionic2/dist/ionic-angular/components/item/item.d.ts"},{"__symbol":6,"name":"ElementRef","filePath":"/Users/adam/git/ionic2/node_modules/@angular/core/core.d.ts"},{"__symbol":7,"name":"Renderer","filePath":"/Users/adam/git/ionic2/node_modules/@angular/core/core.d.ts"},{"__symbol":8,"name":"ChangeDetectorRef","filePath":"/Users/adam/git/ionic2/node_modules/@angular/core/core.d.ts"},{"__symbol":9,"name":"View_Checkbox_0","filePath":"/Users/adam/git/ionic2/dist/ionic-angular/components/checkbox/checkbox.ngfactory.d.ts"},{"__symbol":10,"name":"RenderType_Checkbox","filePath":"/Users/adam/git/ionic2/dist/ionic-angular/components/checkbox/checkbox.ngfactory.d.ts"},{"__symbol":11,"name":"CheckboxNgFactory","filePath":"/Users/adam/git/ionic2/dist/ionic-angular/components/checkbox/checkbox.ngfactory.d.ts"}]}