[{"__symbolic":"module","version":3,"metadata":{"CHECKBOX_VALUE_ACCESSOR":{"provide":{"__symbolic":"reference","module":"@angular/forms","name":"NG_VALUE_ACCESSOR"},"useExisting":{"__symbolic":"reference","name":"Checkbox"},"multi":true},"Checkbox":{"__symbolic":"class","extends":{"__symbolic":"reference","module":"../../util/base-input","name":"BaseInput"},"decorators":[{"__symbolic":"call","expression":{"__symbolic":"reference","module":"@angular/core","name":"Component"},"arguments":[{"selector":"ion-checkbox","template":"<div class=\"checkbox-icon\" [class.checkbox-checked]=\"_value\"><div class=\"checkbox-inner\"></div></div><button role=\"checkbox\" type=\"button\" ion-button=\"item-cover\" [id]=\"id\" [attr.aria-checked]=\"_value\" [attr.aria-labelledby]=\"_labelId\" [attr.aria-disabled]=\"_disabled\" class=\"item-cover\"> </button>","host":{"[class.checkbox-disabled]":"_disabled","$quoted$":["[class.checkbox-disabled]"]},"providers":[{"__symbolic":"reference","name":"CHECKBOX_VALUE_ACCESSOR"}],"encapsulation":{"__symbolic":"select","expression":{"__symbolic":"reference","module":"@angular/core","name":"ViewEncapsulation"},"member":"None"}}]}],"members":{"checked":[{"__symbolic":"property","decorators":[{"__symbolic":"call","expression":{"__symbolic":"reference","module":"@angular/core","name":"Input"}}]}],"__ctor__":[{"__symbolic":"constructor","parameterDecorators":[null,null,[{"__symbolic":"call","expression":{"__symbolic":"reference","module":"@angular/core","name":"Optional"}}],null,null,null],"parameters":[{"__symbolic":"reference","module":"../../config/config","name":"Config"},{"__symbolic":"reference","module":"../../util/form","name":"Form"},{"__symbolic":"reference","module":"../item/item","name":"Item"},{"__symbolic":"reference","module":"@angular/core","name":"ElementRef"},{"__symbolic":"reference","module":"@angular/core","name":"Renderer"},{"__symbolic":"reference","module":"@angular/core","name":"ChangeDetectorRef"}]}],"initFocus":[{"__symbolic":"method"}],"_click":[{"__symbolic":"method","decorators":[{"__symbolic":"call","expression":{"__symbolic":"reference","module":"@angular/core","name":"HostListener"},"arguments":["click",["$event"]]}]}],"_inputNormalize":[{"__symbolic":"method"}],"_inputCheckHasValue":[{"__symbolic":"method"}]}}}},{"__symbolic":"module","version":1,"metadata":{"CHECKBOX_VALUE_ACCESSOR":{"provide":{"__symbolic":"reference","module":"@angular/forms","name":"NG_VALUE_ACCESSOR"},"useExisting":{"__symbolic":"reference","name":"Checkbox"},"multi":true},"Checkbox":{"__symbolic":"class","extends":{"__symbolic":"reference","module":"../../util/base-input","name":"BaseInput"},"decorators":[{"__symbolic":"call","expression":{"__symbolic":"reference","module":"@angular/core","name":"Component"},"arguments":[{"selector":"ion-checkbox","template":"<div class=\"checkbox-icon\" [class.checkbox-checked]=\"_value\"><div class=\"checkbox-inner\"></div></div><button role=\"checkbox\" type=\"button\" ion-button=\"item-cover\" [id]=\"id\" [attr.aria-checked]=\"_value\" [attr.aria-labelledby]=\"_labelId\" [attr.aria-disabled]=\"_disabled\" class=\"item-cover\"> </button>","host":{"[class.checkbox-disabled]":"_disabled"},"providers":[{"__symbolic":"reference","name":"CHECKBOX_VALUE_ACCESSOR"}],"encapsulation":{"__symbolic":"select","expression":{"__symbolic":"reference","module":"@angular/core","name":"ViewEncapsulation"},"member":"None"}}]}],"members":{"checked":[{"__symbolic":"property","decorators":[{"__symbolic":"call","expression":{"__symbolic":"reference","module":"@angular/core","name":"Input"}}]}],"__ctor__":[{"__symbolic":"constructor","parameterDecorators":[null,null,[{"__symbolic":"call","expression":{"__symbolic":"reference","module":"@angular/core","name":"Optional"}}],null,null,null],"parameters":[{"__symbolic":"reference","module":"../../config/config","name":"Config"},{"__symbolic":"reference","module":"../../util/form","name":"Form"},{"__symbolic":"reference","module":"../item/item","name":"Item"},{"__symbolic":"reference","module":"@angular/core","name":"ElementRef"},{"__symbolic":"reference","module":"@angular/core","name":"Renderer"},{"__symbolic":"reference","module":"@angular/core","name":"ChangeDetectorRef"}]}],"initFocus":[{"__symbolic":"method"}],"_click":[{"__symbolic":"method","decorators":[{"__symbolic":"call","expression":{"__symbolic":"reference","module":"@angular/core","name":"HostListener"},"arguments":["click",["$event"]]}]}],"_inputNormalize":[{"__symbolic":"method"}],"_inputCheckHasValue":[{"__symbolic":"method"}]}}}}]