[{"__symbolic":"module","version":3,"metadata":{"DATETIME_VALUE_ACCESSOR":{"provide":{"__symbolic":"reference","module":"@angular/forms","name":"NG_VALUE_ACCESSOR"},"useExisting":{"__symbolic":"reference","name":"DateTime"},"multi":true},"DateTime":{"__symbolic":"class","extends":{"__symbolic":"reference","module":"../../util/base-input","name":"BaseInput"},"decorators":[{"__symbolic":"call","expression":{"__symbolic":"reference","module":"@angular/core","name":"Component"},"arguments":[{"selector":"ion-datetime","template":"<div *ngIf=\"!_text\" class=\"datetime-text datetime-placeholder\">{{placeholder}}</div><div *ngIf=\"_text\" class=\"datetime-text\">{{_text}}</div><button aria-haspopup=\"true\" type=\"button\" [id]=\"id\" ion-button=\"item-cover\" [attr.aria-labelledby]=\"_labelId\" [attr.aria-disabled]=\"_disabled\" class=\"item-cover\"></button>","host":{"[class.datetime-disabled]":"_disabled","$quoted$":["[class.datetime-disabled]"]},"providers":[{"__symbolic":"reference","name":"DATETIME_VALUE_ACCESSOR"}],"encapsulation":{"__symbolic":"select","expression":{"__symbolic":"reference","module":"@angular/core","name":"ViewEncapsulation"},"member":"None"}}]}],"members":{"min":[{"__symbolic":"property","decorators":[{"__symbolic":"call","expression":{"__symbolic":"reference","module":"@angular/core","name":"Input"}}]}],"max":[{"__symbolic":"property","decorators":[{"__symbolic":"call","expression":{"__symbolic":"reference","module":"@angular/core","name":"Input"}}]}],"displayFormat":[{"__symbolic":"property","decorators":[{"__symbolic":"call","expression":{"__symbolic":"reference","module":"@angular/core","name":"Input"}}]}],"pickerFormat":[{"__symbolic":"property","decorators":[{"__symbolic":"call","expression":{"__symbolic":"reference","module":"@angular/core","name":"Input"}}]}],"cancelText":[{"__symbolic":"property","decorators":[{"__symbolic":"call","expression":{"__symbolic":"reference","module":"@angular/core","name":"Input"}}]}],"doneText":[{"__symbolic":"property","decorators":[{"__symbolic":"call","expression":{"__symbolic":"reference","module":"@angular/core","name":"Input"}}]}],"yearValues":[{"__symbolic":"property","decorators":[{"__symbolic":"call","expression":{"__symbolic":"reference","module":"@angular/core","name":"Input"}}]}],"monthValues":[{"__symbolic":"property","decorators":[{"__symbolic":"call","expression":{"__symbolic":"reference","module":"@angular/core","name":"Input"}}]}],"dayValues":[{"__symbolic":"property","decorators":[{"__symbolic":"call","expression":{"__symbolic":"reference","module":"@angular/core","name":"Input"}}]}],"hourValues":[{"__symbolic":"property","decorators":[{"__symbolic":"call","expression":{"__symbolic":"reference","module":"@angular/core","name":"Input"}}]}],"minuteValues":[{"__symbolic":"property","decorators":[{"__symbolic":"call","expression":{"__symbolic":"reference","module":"@angular/core","name":"Input"}}]}],"monthNames":[{"__symbolic":"property","decorators":[{"__symbolic":"call","expression":{"__symbolic":"reference","module":"@angular/core","name":"Input"}}]}],"monthShortNames":[{"__symbolic":"property","decorators":[{"__symbolic":"call","expression":{"__symbolic":"reference","module":"@angular/core","name":"Input"}}]}],"dayNames":[{"__symbolic":"property","decorators":[{"__symbolic":"call","expression":{"__symbolic":"reference","module":"@angular/core","name":"Input"}}]}],"dayShortNames":[{"__symbolic":"property","decorators":[{"__symbolic":"call","expression":{"__symbolic":"reference","module":"@angular/core","name":"Input"}}]}],"pickerOptions":[{"__symbolic":"property","decorators":[{"__symbolic":"call","expression":{"__symbolic":"reference","module":"@angular/core","name":"Input"}}]}],"placeholder":[{"__symbolic":"property","decorators":[{"__symbolic":"call","expression":{"__symbolic":"reference","module":"@angular/core","name":"Input"}}]}],"ionCancel":[{"__symbolic":"property","decorators":[{"__symbolic":"call","expression":{"__symbolic":"reference","module":"@angular/core","name":"Output"}}]}],"__ctor__":[{"__symbolic":"constructor","parameterDecorators":[null,null,null,null,[{"__symbolic":"call","expression":{"__symbolic":"reference","module":"@angular/core","name":"Optional"}}],[{"__symbolic":"call","expression":{"__symbolic":"reference","module":"@angular/core","name":"Optional"}}]],"parameters":[{"__symbolic":"reference","module":"../../util/form","name":"Form"},{"__symbolic":"reference","module":"../../config/config","name":"Config"},{"__symbolic":"reference","module":"@angular/core","name":"ElementRef"},{"__symbolic":"reference","module":"@angular/core","name":"Renderer"},{"__symbolic":"reference","module":"../item/item","name":"Item"},{"__symbolic":"reference","module":"../picker/picker-controller","name":"PickerController"}]}],"ngAfterContentInit":[{"__symbolic":"method"}],"_inputUpdated":[{"__symbolic":"method"}],"_inputNormalize":[{"__symbolic":"method"}],"_inputShouldChange":[{"__symbolic":"method"}],"_click":[{"__symbolic":"method","decorators":[{"__symbolic":"call","expression":{"__symbolic":"reference","module":"@angular/core","name":"HostListener"},"arguments":["click",["$event"]]}]}],"_keyup":[{"__symbolic":"method","decorators":[{"__symbolic":"call","expression":{"__symbolic":"reference","module":"@angular/core","name":"HostListener"},"arguments":["keyup.space"]}]}],"open":[{"__symbolic":"method"}],"generate":[{"__symbolic":"method"}],"validateColumn":[{"__symbolic":"method"}],"validate":[{"__symbolic":"method"}],"divyColumns":[{"__symbolic":"method"}],"updateText":[{"__symbolic":"method"}],"getValue":[{"__symbolic":"method"}],"calcMinMax":[{"__symbolic":"method"}]}}}},{"__symbolic":"module","version":1,"metadata":{"DATETIME_VALUE_ACCESSOR":{"provide":{"__symbolic":"reference","module":"@angular/forms","name":"NG_VALUE_ACCESSOR"},"useExisting":{"__symbolic":"reference","name":"DateTime"},"multi":true},"DateTime":{"__symbolic":"class","extends":{"__symbolic":"reference","module":"../../util/base-input","name":"BaseInput"},"decorators":[{"__symbolic":"call","expression":{"__symbolic":"reference","module":"@angular/core","name":"Component"},"arguments":[{"selector":"ion-datetime","template":"<div *ngIf=\"!_text\" class=\"datetime-text datetime-placeholder\">{{placeholder}}</div><div *ngIf=\"_text\" class=\"datetime-text\">{{_text}}</div><button aria-haspopup=\"true\" type=\"button\" [id]=\"id\" ion-button=\"item-cover\" [attr.aria-labelledby]=\"_labelId\" [attr.aria-disabled]=\"_disabled\" class=\"item-cover\"></button>","host":{"[class.datetime-disabled]":"_disabled"},"providers":[{"__symbolic":"reference","name":"DATETIME_VALUE_ACCESSOR"}],"encapsulation":{"__symbolic":"select","expression":{"__symbolic":"reference","module":"@angular/core","name":"ViewEncapsulation"},"member":"None"}}]}],"members":{"min":[{"__symbolic":"property","decorators":[{"__symbolic":"call","expression":{"__symbolic":"reference","module":"@angular/core","name":"Input"}}]}],"max":[{"__symbolic":"property","decorators":[{"__symbolic":"call","expression":{"__symbolic":"reference","module":"@angular/core","name":"Input"}}]}],"displayFormat":[{"__symbolic":"property","decorators":[{"__symbolic":"call","expression":{"__symbolic":"reference","module":"@angular/core","name":"Input"}}]}],"pickerFormat":[{"__symbolic":"property","decorators":[{"__symbolic":"call","expression":{"__symbolic":"reference","module":"@angular/core","name":"Input"}}]}],"cancelText":[{"__symbolic":"property","decorators":[{"__symbolic":"call","expression":{"__symbolic":"reference","module":"@angular/core","name":"Input"}}]}],"doneText":[{"__symbolic":"property","decorators":[{"__symbolic":"call","expression":{"__symbolic":"reference","module":"@angular/core","name":"Input"}}]}],"yearValues":[{"__symbolic":"property","decorators":[{"__symbolic":"call","expression":{"__symbolic":"reference","module":"@angular/core","name":"Input"}}]}],"monthValues":[{"__symbolic":"property","decorators":[{"__symbolic":"call","expression":{"__symbolic":"reference","module":"@angular/core","name":"Input"}}]}],"dayValues":[{"__symbolic":"property","decorators":[{"__symbolic":"call","expression":{"__symbolic":"reference","module":"@angular/core","name":"Input"}}]}],"hourValues":[{"__symbolic":"property","decorators":[{"__symbolic":"call","expression":{"__symbolic":"reference","module":"@angular/core","name":"Input"}}]}],"minuteValues":[{"__symbolic":"property","decorators":[{"__symbolic":"call","expression":{"__symbolic":"reference","module":"@angular/core","name":"Input"}}]}],"monthNames":[{"__symbolic":"property","decorators":[{"__symbolic":"call","expression":{"__symbolic":"reference","module":"@angular/core","name":"Input"}}]}],"monthShortNames":[{"__symbolic":"property","decorators":[{"__symbolic":"call","expression":{"__symbolic":"reference","module":"@angular/core","name":"Input"}}]}],"dayNames":[{"__symbolic":"property","decorators":[{"__symbolic":"call","expression":{"__symbolic":"reference","module":"@angular/core","name":"Input"}}]}],"dayShortNames":[{"__symbolic":"property","decorators":[{"__symbolic":"call","expression":{"__symbolic":"reference","module":"@angular/core","name":"Input"}}]}],"pickerOptions":[{"__symbolic":"property","decorators":[{"__symbolic":"call","expression":{"__symbolic":"reference","module":"@angular/core","name":"Input"}}]}],"placeholder":[{"__symbolic":"property","decorators":[{"__symbolic":"call","expression":{"__symbolic":"reference","module":"@angular/core","name":"Input"}}]}],"ionCancel":[{"__symbolic":"property","decorators":[{"__symbolic":"call","expression":{"__symbolic":"reference","module":"@angular/core","name":"Output"}}]}],"__ctor__":[{"__symbolic":"constructor","parameterDecorators":[null,null,null,null,[{"__symbolic":"call","expression":{"__symbolic":"reference","module":"@angular/core","name":"Optional"}}],[{"__symbolic":"call","expression":{"__symbolic":"reference","module":"@angular/core","name":"Optional"}}]],"parameters":[{"__symbolic":"reference","module":"../../util/form","name":"Form"},{"__symbolic":"reference","module":"../../config/config","name":"Config"},{"__symbolic":"reference","module":"@angular/core","name":"ElementRef"},{"__symbolic":"reference","module":"@angular/core","name":"Renderer"},{"__symbolic":"reference","module":"../item/item","name":"Item"},{"__symbolic":"reference","module":"../picker/picker-controller","name":"PickerController"}]}],"ngAfterContentInit":[{"__symbolic":"method"}],"_inputUpdated":[{"__symbolic":"method"}],"_inputNormalize":[{"__symbolic":"method"}],"_inputShouldChange":[{"__symbolic":"method"}],"_click":[{"__symbolic":"method","decorators":[{"__symbolic":"call","expression":{"__symbolic":"reference","module":"@angular/core","name":"HostListener"},"arguments":["click",["$event"]]}]}],"_keyup":[{"__symbolic":"method","decorators":[{"__symbolic":"call","expression":{"__symbolic":"reference","module":"@angular/core","name":"HostListener"},"arguments":["keyup.space"]}]}],"open":[{"__symbolic":"method"}],"generate":[{"__symbolic":"method"}],"validateColumn":[{"__symbolic":"method"}],"validate":[{"__symbolic":"method"}],"divyColumns":[{"__symbolic":"method"}],"updateText":[{"__symbolic":"method"}],"getValue":[{"__symbolic":"method"}],"calcMinMax":[{"__symbolic":"method"}]}}}}]