{"summaries":[{"symbol":{"__symbol":0,"members":[]},"metadata":{"provide":{"__symbol":1,"members":[]},"useExisting":{"__symbol":2,"members":[]},"multi":true}},{"symbol":{"__symbol":2,"members":[]},"metadata":{"__symbolic":"class"},"type":{"summaryKind":1,"type":{"reference":{"__symbol":2,"members":[]},"diDeps":[{"isAttribute":false,"isHost":false,"isSelf":false,"isSkipSelf":false,"isOptional":false,"token":{"identifier":{"reference":{"__symbol":3,"members":[]}}}},{"isAttribute":false,"isHost":false,"isSelf":false,"isSkipSelf":false,"isOptional":false,"token":{"identifier":{"reference":{"__symbol":4,"members":[]}}}},{"isAttribute":false,"isHost":false,"isSelf":false,"isSkipSelf":false,"isOptional":false,"token":{"identifier":{"reference":{"__symbol":5,"members":[]}}}},{"isAttribute":false,"isHost":false,"isSelf":false,"isSkipSelf":false,"isOptional":false,"token":{"identifier":{"reference":{"__symbol":6,"members":[]}}}},{"isAttribute":false,"isHost":false,"isSelf":false,"isSkipSelf":false,"isOptional":true,"token":{"identifier":{"reference":{"__symbol":7,"members":[]}}}},{"isAttribute":false,"isHost":false,"isSelf":false,"isSkipSelf":false,"isOptional":true,"token":{"identifier":{"reference":{"__symbol":8,"members":[]}}}}],"lifecycleHooks":[1,4,6]},"isComponent":true,"selector":"ion-datetime","inputs":{"color":"color","mode":"mode","disabled":"disabled","min":"min","max":"max","displayFormat":"displayFormat","pickerFormat":"pickerFormat","cancelText":"cancelText","doneText":"doneText","yearValues":"yearValues","monthValues":"monthValues","dayValues":"dayValues","hourValues":"hourValues","minuteValues":"minuteValues","monthNames":"monthNames","monthShortNames":"monthShortNames","dayNames":"dayNames","dayShortNames":"dayShortNames","pickerOptions":"pickerOptions","placeholder":"placeholder"},"outputs":{"ionFocus":"ionFocus","ionChange":"ionChange","ionBlur":"ionBlur","ionCancel":"ionCancel"},"hostListeners":{"click":"_click($event)","keyup.space":"_keyup()"},"hostProperties":{"class.datetime-disabled":"_disabled"},"hostAttributes":{},"providers":[{"token":{"identifier":{"reference":{"__symbol":1,"members":[]}}},"useClass":null,"useFactory":null,"useExisting":{"identifier":{"reference":{"__symbol":2,"members":[]}}},"multi":true}],"viewProviders":[],"queries":[],"viewQueries":[],"entryComponents":[],"changeDetection":1,"template":{"animations":[],"ngContentSelectors":[],"encapsulation":2},"componentViewType":{"__symbol":9,"members":[]},"rendererType":{"__symbol":10,"members":[]},"componentFactory":{"__symbol":11,"members":[]}}}],"symbols":[{"__symbol":0,"name":"DATETIME_VALUE_ACCESSOR","filePath":"/Users/adam/git/ionic2/dist/ionic-angular/components/datetime/datetime.d.ts"},{"__symbol":1,"name":"NG_VALUE_ACCESSOR","filePath":"/Users/adam/git/ionic2/node_modules/@angular/forms/forms.d.ts"},{"__symbol":2,"name":"DateTime","filePath":"/Users/adam/git/ionic2/dist/ionic-angular/components/datetime/datetime.d.ts"},{"__symbol":3,"name":"Form","filePath":"/Users/adam/git/ionic2/dist/ionic-angular/util/form.d.ts"},{"__symbol":4,"name":"Config","filePath":"/Users/adam/git/ionic2/dist/ionic-angular/config/config.d.ts"},{"__symbol":5,"name":"ElementRef","filePath":"/Users/adam/git/ionic2/node_modules/@angular/core/core.d.ts"},{"__symbol":6,"name":"Renderer","filePath":"/Users/adam/git/ionic2/node_modules/@angular/core/core.d.ts"},{"__symbol":7,"name":"Item","filePath":"/Users/adam/git/ionic2/dist/ionic-angular/components/item/item.d.ts"},{"__symbol":8,"name":"PickerController","filePath":"/Users/adam/git/ionic2/dist/ionic-angular/components/picker/picker-controller.d.ts"},{"__symbol":9,"name":"View_DateTime_0","filePath":"/Users/adam/git/ionic2/dist/ionic-angular/components/datetime/datetime.ngfactory.d.ts"},{"__symbol":10,"name":"RenderType_DateTime","filePath":"/Users/adam/git/ionic2/dist/ionic-angular/components/datetime/datetime.ngfactory.d.ts"},{"__symbol":11,"name":"DateTimeNgFactory","filePath":"/Users/adam/git/ionic2/dist/ionic-angular/components/datetime/datetime.ngfactory.d.ts"}]}