{"summaries":[{"symbol":{"__symbol":0,"members":[]},"metadata":{"__symbolic":"class","statics":{"forRoot":{"__symbolic":"function","parameters":[],"value":{"ngModule":{"__symbol":0,"members":[]},"providers":[]}}}},"type":{"summaryKind":2,"type":{"reference":{"__symbol":0,"members":[]},"diDeps":[],"lifecycleHooks":[]},"entryComponents":[],"providers":[{"provider":{"token":{"identifier":{"reference":{"__symbol":1,"members":[]}}},"useClass":{"reference":{"__symbol":2,"members":[]},"diDeps":[{"isAttribute":false,"isHost":false,"isSelf":false,"isSkipSelf":false,"isOptional":false,"token":{"identifier":{"reference":{"__symbol":3,"members":[]}}}}],"lifecycleHooks":[]},"useFactory":null,"useExisting":null,"deps":[{"isAttribute":false,"isHost":false,"isSelf":false,"isSkipSelf":false,"isOptional":false,"token":{"identifier":{"reference":{"__symbol":3,"members":[]}}}}],"multi":false},"module":{"reference":{"__symbol":4,"members":[]},"diDeps":[],"lifecycleHooks":[]}}],"modules":[{"reference":{"__symbol":4,"members":[]},"diDeps":[],"lifecycleHooks":[]},{"reference":{"__symbol":0,"members":[]},"diDeps":[],"lifecycleHooks":[]}],"exportedDirectives":[{"reference":{"__symbol":5,"members":[]}}],"exportedPipes":[]}}],"symbols":[{"__symbol":0,"name":"DateTimeModule","filePath":"/Users/adam/git/ionic2/dist/ionic-angular/components/datetime/datetime.module.d.ts"},{"__symbol":1,"name":"NgLocalization","filePath":"/Users/adam/git/ionic2/node_modules/@angular/common/common.d.ts"},{"__symbol":2,"name":"NgLocaleLocalization","filePath":"/Users/adam/git/ionic2/node_modules/@angular/common/common.d.ts"},{"__symbol":3,"name":"LOCALE_ID","filePath":"/Users/adam/git/ionic2/node_modules/@angular/core/core.d.ts"},{"__symbol":4,"name":"CommonModule","filePath":"/Users/adam/git/ionic2/node_modules/@angular/common/common.d.ts"},{"__symbol":5,"name":"DateTime","filePath":"/Users/adam/git/ionic2/dist/ionic-angular/components/datetime/datetime.d.ts"}]}