[{"__symbolic":"module","version":3,"metadata":{"DateTimeModule":{"__symbolic":"class","decorators":[{"__symbolic":"call","expression":{"__symbolic":"reference","module":"@angular/core","name":"NgModule"},"arguments":[{"imports":[{"__symbolic":"reference","module":"@angular/common","name":"CommonModule"}],"declarations":[{"__symbolic":"reference","module":"./datetime","name":"DateTime"}],"exports":[{"__symbolic":"reference","module":"./datetime","name":"DateTime"}]}]}],"statics":{"forRoot":{"__symbolic":"function","parameters":[],"value":{"ngModule":{"__symbolic":"reference","name":"DateTimeModule"},"providers":[]}}}}}},{"__symbolic":"module","version":1,"metadata":{"DateTimeModule":{"__symbolic":"class","decorators":[{"__symbolic":"call","expression":{"__symbolic":"reference","module":"@angular/core","name":"NgModule"},"arguments":[{"imports":[{"__symbolic":"reference","module":"@angular/common","name":"CommonModule"}],"declarations":[{"__symbolic":"reference","module":"./datetime","name":"DateTime"}],"exports":[{"__symbolic":"reference","module":"./datetime","name":"DateTime"}]}]}],"statics":{"forRoot":{"__symbolic":"function","parameters":[],"value":{"ngModule":{"__symbolic":"reference","name":"DateTimeModule"},"providers":[]}}}}}}]