[{"__symbolic":"module","version":3,"metadata":{"MenuToggle":{"__symbolic":"class","decorators":[{"__symbolic":"call","expression":{"__symbolic":"reference","module":"@angular/core","name":"Directive"},"arguments":[{"selector":"[menuToggle]","host":{"[hidden]":"isHidden","$quoted$":["[hidden]"]}}]}],"members":{"menuToggle":[{"__symbolic":"property","decorators":[{"__symbolic":"call","expression":{"__symbolic":"reference","module":"@angular/core","name":"Input"}}]}],"__ctor__":[{"__symbolic":"constructor","parameterDecorators":[null,[{"__symbolic":"call","expression":{"__symbolic":"reference","module":"@angular/core","name":"Optional"}}],[{"__symbolic":"call","expression":{"__symbolic":"reference","module":"@angular/core","name":"Optional"}}],[{"__symbolic":"call","expression":{"__symbolic":"reference","module":"@angular/core","name":"Optional"}}]],"parameters":[{"__symbolic":"reference","module":"./menu-controller","name":"MenuController"},{"__symbolic":"reference","module":"../../navigation/view-controller","name":"ViewController"},{"__symbolic":"reference","module":"../button/button","name":"Button"},{"__symbolic":"reference","module":"../navbar/navbar","name":"Navbar"}]}],"ngAfterContentInit":[{"__symbolic":"method"}],"toggle":[{"__symbolic":"method","decorators":[{"__symbolic":"call","expression":{"__symbolic":"reference","module":"@angular/core","name":"HostListener"},"arguments":["click"]}]}]}}}},{"__symbolic":"module","version":1,"metadata":{"MenuToggle":{"__symbolic":"class","decorators":[{"__symbolic":"call","expression":{"__symbolic":"reference","module":"@angular/core","name":"Directive"},"arguments":[{"selector":"[menuToggle]","host":{"[hidden]":"isHidden"}}]}],"members":{"menuToggle":[{"__symbolic":"property","decorators":[{"__symbolic":"call","expression":{"__symbolic":"reference","module":"@angular/core","name":"Input"}}]}],"__ctor__":[{"__symbolic":"constructor","parameterDecorators":[null,[{"__symbolic":"call","expression":{"__symbolic":"reference","module":"@angular/core","name":"Optional"}}],[{"__symbolic":"call","expression":{"__symbolic":"reference","module":"@angular/core","name":"Optional"}}],[{"__symbolic":"call","expression":{"__symbolic":"reference","module":"@angular/core","name":"Optional"}}]],"parameters":[{"__symbolic":"reference","module":"./menu-controller","name":"MenuController"},{"__symbolic":"reference","module":"../../navigation/view-controller","name":"ViewController"},{"__symbolic":"reference","module":"../button/button","name":"Button"},{"__symbolic":"reference","module":"../navbar/navbar","name":"Navbar"}]}],"ngAfterContentInit":[{"__symbolic":"method"}],"toggle":[{"__symbolic":"method","decorators":[{"__symbolic":"call","expression":{"__symbolic":"reference","module":"@angular/core","name":"HostListener"},"arguments":["click"]}]}]}}}}]