[{"__symbolic":"module","version":3,"metadata":{"MenuController":{"__symbolic":"class","members":{"open":[{"__symbolic":"method"}],"close":[{"__symbolic":"method"}],"toggle":[{"__symbolic":"method"}],"enable":[{"__symbolic":"method"}],"swipeEnable":[{"__symbolic":"method"}],"isOpen":[{"__symbolic":"method"}],"isEnabled":[{"__symbolic":"method"}],"get":[{"__symbolic":"method"}],"getOpen":[{"__symbolic":"method"}],"getMenus":[{"__symbolic":"method"}],"isAnimating":[{"__symbolic":"method"}],"_register":[{"__symbolic":"method"}],"_unregister":[{"__symbolic":"method"}],"_setActiveMenu":[{"__symbolic":"method"}]},"statics":{"create":{"__symbolic":"function","parameters":["type","menuCmp","plt"],"value":{"__symbolic":"new","expression":{"__symbolic":"index","expression":{"__symbolic":"reference","name":"menuTypes"},"index":{"__symbolic":"reference","name":"type"}},"arguments":[{"__symbolic":"reference","name":"menuCmp"},{"__symbolic":"reference","name":"plt"}]}}}}}},{"__symbolic":"module","version":1,"metadata":{"MenuController":{"__symbolic":"class","members":{"open":[{"__symbolic":"method"}],"close":[{"__symbolic":"method"}],"toggle":[{"__symbolic":"method"}],"enable":[{"__symbolic":"method"}],"swipeEnable":[{"__symbolic":"method"}],"isOpen":[{"__symbolic":"method"}],"isEnabled":[{"__symbolic":"method"}],"get":[{"__symbolic":"method"}],"getOpen":[{"__symbolic":"method"}],"getMenus":[{"__symbolic":"method"}],"isAnimating":[{"__symbolic":"method"}],"_register":[{"__symbolic":"method"}],"_unregister":[{"__symbolic":"method"}],"_setActiveMenu":[{"__symbolic":"method"}]},"statics":{"create":{"__symbolic":"function","parameters":["type","menuCmp","plt"],"value":{"__symbolic":"new","expression":{"__symbolic":"index","expression":{"__symbolic":"reference","name":"menuTypes"},"index":{"__symbolic":"reference","name":"type"}},"arguments":[{"__symbolic":"reference","name":"menuCmp"},{"__symbolic":"reference","name":"plt"}]}}}}}}]