[{"__symbolic":"module","version":3,"metadata":{"MenuType":{"__symbolic":"class","members":{"__ctor__":[{"__symbolic":"constructor","parameters":[{"__symbolic":"reference","module":"../../platform/platform","name":"Platform"}]}],"setOpen":[{"__symbolic":"method"}],"setProgressStart":[{"__symbolic":"method"}],"setProgessStep":[{"__symbolic":"method"}],"setProgressEnd":[{"__symbolic":"method"}],"destroy":[{"__symbolic":"method"}]}}}},{"__symbolic":"module","version":1,"metadata":{"MenuType":{"__symbolic":"class","members":{"__ctor__":[{"__symbolic":"constructor","parameters":[{"__symbolic":"reference","module":"../../platform/platform","name":"Platform"}]}],"setOpen":[{"__symbolic":"method"}],"setProgressStart":[{"__symbolic":"method"}],"setProgessStep":[{"__symbolic":"method"}],"setProgressEnd":[{"__symbolic":"method"}],"destroy":[{"__symbolic":"method"}]}}}}]