{"summaries":[{"symbol":{"__symbol":0,"members":[]},"metadata":{"__symbolic":"class","statics":{"create":{"__symbolic":"function","parameters":["type","menuCmp","plt"],"value":{"__symbolic":"new","expression":{"__symbolic":"index","index":{"__symbolic":"reference","name":"type"}},"arguments":[{"__symbolic":"reference","name":"menuCmp"},{"__symbolic":"reference","name":"plt"}]}}}}}],"symbols":[{"__symbol":0,"name":"MenuController","filePath":"/Users/adam/git/ionic2/dist/ionic-angular/components/menu/menu-controller.d.ts"}]}