{"summaries":[{"symbol":{"__symbol":0,"members":[]},"metadata":{"__symbolic":"class"},"type":{"summaryKind":1,"type":{"reference":{"__symbol":0,"members":[]},"diDeps":[{"isAttribute":false,"isHost":false,"isSelf":false,"isSkipSelf":false,"isOptional":false,"token":{"identifier":{"reference":{"__symbol":1,"members":[]}}}},{"isAttribute":false,"isHost":false,"isSelf":false,"isSkipSelf":false,"isOptional":true,"token":{"identifier":{"reference":{"__symbol":2,"members":[]}}}},{"isAttribute":false,"isHost":false,"isSelf":false,"isSkipSelf":false,"isOptional":true,"token":{"identifier":{"reference":{"__symbol":3,"members":[]}}}},{"isAttribute":false,"isHost":false,"isSelf":false,"isSkipSelf":false,"isOptional":true,"token":{"identifier":{"reference":{"__symbol":4,"members":[]}}}}],"lifecycleHooks":[4]},"isComponent":false,"selector":"[menuToggle]","inputs":{"menuToggle":"menuToggle"},"outputs":{},"hostListeners":{"click":"toggle()"},"hostProperties":{"hidden":"isHidden"},"hostAttributes":{},"providers":[],"viewProviders":[],"queries":[],"viewQueries":[],"entryComponents":[],"changeDetection":null,"template":null}}],"symbols":[{"__symbol":0,"name":"MenuToggle","filePath":"/Users/adam/git/ionic2/dist/ionic-angular/components/menu/menu-toggle.d.ts"},{"__symbol":1,"name":"MenuController","filePath":"/Users/adam/git/ionic2/dist/ionic-angular/components/menu/menu-controller.d.ts"},{"__symbol":2,"name":"ViewController","filePath":"/Users/adam/git/ionic2/dist/ionic-angular/navigation/view-controller.d.ts"},{"__symbol":3,"name":"Button","filePath":"/Users/adam/git/ionic2/dist/ionic-angular/components/button/button.d.ts"},{"__symbol":4,"name":"Navbar","filePath":"/Users/adam/git/ionic2/dist/ionic-angular/components/navbar/navbar.d.ts"}]}