[{"__symbolic":"module","version":3,"metadata":{"MenuContentGesture":{"__symbolic":"class","extends":{"__symbolic":"reference","module":"../../gestures/slide-edge-gesture","name":"SlideEdgeGesture"},"members":{"__ctor__":[{"__symbolic":"constructor","parameters":[{"__symbolic":"reference","module":"../../platform/platform","name":"Platform"},{"__symbolic":"reference","module":"./menu","name":"Menu"},{"__symbolic":"reference","module":"../../gestures/gesture-controller","name":"GestureController"},{"__symbolic":"reference","module":"../../platform/dom-controller","name":"DomController"}]}],"canStart":[{"__symbolic":"method"}],"onSlideBeforeStart":[{"__symbolic":"method"}],"onSlideStart":[{"__symbolic":"method"}],"onSlide":[{"__symbolic":"method"}],"onSlideEnd":[{"__symbolic":"method"}],"getElementStartPos":[{"__symbolic":"method"}],"getSlideBoundaries":[{"__symbolic":"method"}]}}}},{"__symbolic":"module","version":1,"metadata":{"MenuContentGesture":{"__symbolic":"class","extends":{"__symbolic":"reference","module":"../../gestures/slide-edge-gesture","name":"SlideEdgeGesture"},"members":{"__ctor__":[{"__symbolic":"constructor","parameters":[{"__symbolic":"reference","module":"../../platform/platform","name":"Platform"},{"__symbolic":"reference","module":"./menu","name":"Menu"},{"__symbolic":"reference","module":"../../gestures/gesture-controller","name":"GestureController"},{"__symbolic":"reference","module":"../../platform/dom-controller","name":"DomController"}]}],"canStart":[{"__symbolic":"method"}],"onSlideBeforeStart":[{"__symbolic":"method"}],"onSlideStart":[{"__symbolic":"method"}],"onSlide":[{"__symbolic":"method"}],"onSlideEnd":[{"__symbolic":"method"}],"getElementStartPos":[{"__symbolic":"method"}],"getSlideBoundaries":[{"__symbolic":"method"}]}}}}]