{"summaries":[{"symbol":{"__symbol":0,"members":[]},"metadata":{"__symbolic":"class"},"type":{"summaryKind":1,"type":{"reference":{"__symbol":0,"members":[]},"diDeps":[{"isAttribute":false,"isHost":false,"isSelf":false,"isSkipSelf":false,"isOptional":false,"token":{"identifier":{"reference":{"__symbol":1,"members":[]}}}}],"lifecycleHooks":[]},"isComponent":false,"selector":"[menuClose]","inputs":{"menuClose":"menuClose"},"outputs":{},"hostListeners":{"click":"close()"},"hostProperties":{},"hostAttributes":{},"providers":[],"viewProviders":[],"queries":[],"viewQueries":[],"entryComponents":[],"changeDetection":null,"template":null}}],"symbols":[{"__symbol":0,"name":"MenuClose","filePath":"/Users/adam/git/ionic2/dist/ionic-angular/components/menu/menu-close.d.ts"},{"__symbol":1,"name":"MenuController","filePath":"/Users/adam/git/ionic2/dist/ionic-angular/components/menu/menu-controller.d.ts"}]}