{"summaries":[{"symbol":{"__symbol":0,"members":[]},"metadata":{"__symbolic":"class","statics":{"forRoot":{"__symbolic":"function","parameters":[],"value":{"ngModule":{"__symbol":0,"members":[]},"providers":[]}}}},"type":{"summaryKind":2,"type":{"reference":{"__symbol":0,"members":[]},"diDeps":[],"lifecycleHooks":[]},"entryComponents":[],"providers":[],"modules":[{"reference":{"__symbol":1,"members":[]},"diDeps":[],"lifecycleHooks":[]},{"reference":{"__symbol":0,"members":[]},"diDeps":[],"lifecycleHooks":[]}],"exportedDirectives":[{"reference":{"__symbol":2,"members":[]}},{"reference":{"__symbol":3,"members":[]}},{"reference":{"__symbol":4,"members":[]}}],"exportedPipes":[]}}],"symbols":[{"__symbol":0,"name":"MenuModule","filePath":"/Users/adam/git/ionic2/dist/ionic-angular/components/menu/menu.module.d.ts"},{"__symbol":1,"name":"BackdropModule","filePath":"/Users/adam/git/ionic2/dist/ionic-angular/components/backdrop/backdrop.module.d.ts"},{"__symbol":2,"name":"Menu","filePath":"/Users/adam/git/ionic2/dist/ionic-angular/components/menu/menu.d.ts"},{"__symbol":3,"name":"MenuClose","filePath":"/Users/adam/git/ionic2/dist/ionic-angular/components/menu/menu-close.d.ts"},{"__symbol":4,"name":"MenuToggle","filePath":"/Users/adam/git/ionic2/dist/ionic-angular/components/menu/menu-toggle.d.ts"}]}