[{"__symbolic":"module","version":3,"metadata":{"MenuModule":{"__symbolic":"class","decorators":[{"__symbolic":"call","expression":{"__symbolic":"reference","module":"@angular/core","name":"NgModule"},"arguments":[{"imports":[{"__symbolic":"reference","module":"../backdrop/backdrop.module","name":"BackdropModule"}],"declarations":[{"__symbolic":"reference","module":"./menu","name":"Menu"},{"__symbolic":"reference","module":"./menu-close","name":"MenuClose"},{"__symbolic":"reference","module":"./menu-toggle","name":"MenuToggle"}],"exports":[{"__symbolic":"reference","module":"./menu","name":"Menu"},{"__symbolic":"reference","module":"./menu-close","name":"MenuClose"},{"__symbolic":"reference","module":"./menu-toggle","name":"MenuToggle"}]}]}],"statics":{"forRoot":{"__symbolic":"function","parameters":[],"value":{"ngModule":{"__symbolic":"reference","name":"MenuModule"},"providers":[]}}}}}},{"__symbolic":"module","version":1,"metadata":{"MenuModule":{"__symbolic":"class","decorators":[{"__symbolic":"call","expression":{"__symbolic":"reference","module":"@angular/core","name":"NgModule"},"arguments":[{"imports":[{"__symbolic":"reference","module":"../backdrop/backdrop.module","name":"BackdropModule"}],"declarations":[{"__symbolic":"reference","module":"./menu","name":"Menu"},{"__symbolic":"reference","module":"./menu-close","name":"MenuClose"},{"__symbolic":"reference","module":"./menu-toggle","name":"MenuToggle"}],"exports":[{"__symbolic":"reference","module":"./menu","name":"Menu"},{"__symbolic":"reference","module":"./menu-close","name":"MenuClose"},{"__symbolic":"reference","module":"./menu-toggle","name":"MenuToggle"}]}]}],"statics":{"forRoot":{"__symbolic":"function","parameters":[],"value":{"ngModule":{"__symbolic":"reference","name":"MenuModule"},"providers":[]}}}}}}]