[{"__symbolic":"module","version":3,"metadata":{"ButtonModule":{"__symbolic":"class","decorators":[{"__symbolic":"call","expression":{"__symbolic":"reference","module":"@angular/core","name":"NgModule"},"arguments":[{"declarations":[{"__symbolic":"reference","module":"./button","name":"Button"}],"exports":[{"__symbolic":"reference","module":"./button","name":"Button"}]}]}],"statics":{"forRoot":{"__symbolic":"function","parameters":[],"value":{"ngModule":{"__symbolic":"reference","name":"ButtonModule"},"providers":[]}}}}}},{"__symbolic":"module","version":1,"metadata":{"ButtonModule":{"__symbolic":"class","decorators":[{"__symbolic":"call","expression":{"__symbolic":"reference","module":"@angular/core","name":"NgModule"},"arguments":[{"declarations":[{"__symbolic":"reference","module":"./button","name":"Button"}],"exports":[{"__symbolic":"reference","module":"./button","name":"Button"}]}]}],"statics":{"forRoot":{"__symbolic":"function","parameters":[],"value":{"ngModule":{"__symbolic":"reference","name":"ButtonModule"},"providers":[]}}}}}}]