{"summaries":[{"symbol":{"__symbol":0,"members":[]},"metadata":{"__symbolic":"class"},"type":{"summaryKind":1,"type":{"reference":{"__symbol":0,"members":[]},"diDeps":[{"isAttribute":true,"isHost":false,"isSelf":false,"isSkipSelf":false,"isOptional":false,"token":{"value":"ion-button"}},{"isAttribute":false,"isHost":false,"isSelf":false,"isSkipSelf":false,"isOptional":false,"token":{"identifier":{"reference":{"__symbol":1,"members":[]}}}},{"isAttribute":false,"isHost":false,"isSelf":false,"isSkipSelf":false,"isOptional":false,"token":{"identifier":{"reference":{"__symbol":2,"members":[]}}}},{"isAttribute":false,"isHost":false,"isSelf":false,"isSkipSelf":false,"isOptional":false,"token":{"identifier":{"reference":{"__symbol":3,"members":[]}}}}],"lifecycleHooks":[4]},"isComponent":true,"selector":"[ion-button]","inputs":{"color":"color","mode":"mode","large":"large","small":"small","default":"default","outline":"outline","clear":"clear","solid":"solid","round":"round","block":"block","full":"full","strong":"strong"},"outputs":{},"hostListeners":{},"hostProperties":{},"hostAttributes":{},"providers":[],"viewProviders":[],"queries":[],"viewQueries":[],"entryComponents":[],"changeDetection":0,"template":{"animations":[],"ngContentSelectors":["*"],"encapsulation":2},"componentViewType":{"__symbol":4,"members":[]},"rendererType":{"__symbol":5,"members":[]},"componentFactory":{"__symbol":6,"members":[]}}}],"symbols":[{"__symbol":0,"name":"Button","filePath":"/Users/adam/git/ionic2/dist/ionic-angular/components/button/button.d.ts"},{"__symbol":1,"name":"Config","filePath":"/Users/adam/git/ionic2/dist/ionic-angular/config/config.d.ts"},{"__symbol":2,"name":"ElementRef","filePath":"/Users/adam/git/ionic2/node_modules/@angular/core/core.d.ts"},{"__symbol":3,"name":"Renderer","filePath":"/Users/adam/git/ionic2/node_modules/@angular/core/core.d.ts"},{"__symbol":4,"name":"View_Button_0","filePath":"/Users/adam/git/ionic2/dist/ionic-angular/components/button/button.ngfactory.d.ts"},{"__symbol":5,"name":"RenderType_Button","filePath":"/Users/adam/git/ionic2/dist/ionic-angular/components/button/button.ngfactory.d.ts"},{"__symbol":6,"name":"ButtonNgFactory","filePath":"/Users/adam/git/ionic2/dist/ionic-angular/components/button/button.ngfactory.d.ts"}]}