{"summaries":[{"symbol":{"__symbol":0,"members":[]},"metadata":{"__symbolic":"class"},"type":{"summaryKind":1,"type":{"reference":{"__symbol":0,"members":[]},"diDeps":[],"lifecycleHooks":[]},"isComponent":false,"selector":"ion-col, [ion-col]","inputs":{},"outputs":{},"hostListeners":{},"hostProperties":{},"hostAttributes":{"class":"col"},"providers":[],"viewProviders":[],"queries":[],"viewQueries":[],"entryComponents":[],"changeDetection":null,"template":null}}],"symbols":[{"__symbol":0,"name":"Col","filePath":"/Users/adam/git/ionic2/dist/ionic-angular/components/grid/col.d.ts"}]}