[{"__symbolic":"module","version":3,"metadata":{"Col":{"__symbolic":"class","decorators":[{"__symbolic":"call","expression":{"__symbolic":"reference","module":"@angular/core","name":"Directive"},"arguments":[{"selector":"ion-col, [ion-col]","host":{"class":"col","$quoted$":["class"]}}]}]}}},{"__symbolic":"module","version":1,"metadata":{"Col":{"__symbolic":"class","decorators":[{"__symbolic":"call","expression":{"__symbolic":"reference","module":"@angular/core","name":"Directive"},"arguments":[{"selector":"ion-col, [ion-col]","host":{"class":"col"}}]}]}}}]