[{"__symbolic":"module","version":3,"metadata":{"Grid":{"__symbolic":"class","decorators":[{"__symbolic":"call","expression":{"__symbolic":"reference","module":"@angular/core","name":"Directive"},"arguments":[{"selector":"ion-grid, [ion-grid]","host":{"class":"grid","$quoted$":["class"]}}]}]}}},{"__symbolic":"module","version":1,"metadata":{"Grid":{"__symbolic":"class","decorators":[{"__symbolic":"call","expression":{"__symbolic":"reference","module":"@angular/core","name":"Directive"},"arguments":[{"selector":"ion-grid, [ion-grid]","host":{"class":"grid"}}]}]}}}]