{"summaries":[{"symbol":{"__symbol":0,"members":[]},"metadata":{"__symbolic":"class"},"type":{"summaryKind":1,"type":{"reference":{"__symbol":0,"members":[]},"diDeps":[],"lifecycleHooks":[]},"isComponent":false,"selector":"ion-grid, [ion-grid]","inputs":{},"outputs":{},"hostListeners":{},"hostProperties":{},"hostAttributes":{"class":"grid"},"providers":[],"viewProviders":[],"queries":[],"viewQueries":[],"entryComponents":[],"changeDetection":null,"template":null}}],"symbols":[{"__symbol":0,"name":"Grid","filePath":"/Users/adam/git/ionic2/dist/ionic-angular/components/grid/grid.d.ts"}]}