[{"__symbolic":"module","version":3,"metadata":{"GridModule":{"__symbolic":"class","decorators":[{"__symbolic":"call","expression":{"__symbolic":"reference","module":"@angular/core","name":"NgModule"},"arguments":[{"declarations":[{"__symbolic":"reference","module":"./grid","name":"Grid"},{"__symbolic":"reference","module":"./row","name":"Row"},{"__symbolic":"reference","module":"./col","name":"Col"}],"exports":[{"__symbolic":"reference","module":"./grid","name":"Grid"},{"__symbolic":"reference","module":"./row","name":"Row"},{"__symbolic":"reference","module":"./col","name":"Col"}]}]}],"statics":{"forRoot":{"__symbolic":"function","parameters":[],"value":{"ngModule":{"__symbolic":"reference","name":"GridModule"},"providers":[]}}}}}},{"__symbolic":"module","version":1,"metadata":{"GridModule":{"__symbolic":"class","decorators":[{"__symbolic":"call","expression":{"__symbolic":"reference","module":"@angular/core","name":"NgModule"},"arguments":[{"declarations":[{"__symbolic":"reference","module":"./grid","name":"Grid"},{"__symbolic":"reference","module":"./row","name":"Row"},{"__symbolic":"reference","module":"./col","name":"Col"}],"exports":[{"__symbolic":"reference","module":"./grid","name":"Grid"},{"__symbolic":"reference","module":"./row","name":"Row"},{"__symbolic":"reference","module":"./col","name":"Col"}]}]}],"statics":{"forRoot":{"__symbolic":"function","parameters":[],"value":{"ngModule":{"__symbolic":"reference","name":"GridModule"},"providers":[]}}}}}}]