{"summaries":[{"symbol":{"__symbol":0,"members":[]},"metadata":{"__symbolic":"class","statics":{"forRoot":{"__symbolic":"function","parameters":[],"value":{"ngModule":{"__symbol":0,"members":[]},"providers":[]}}}},"type":{"summaryKind":2,"type":{"reference":{"__symbol":0,"members":[]},"diDeps":[],"lifecycleHooks":[]},"entryComponents":[],"providers":[],"modules":[{"reference":{"__symbol":0,"members":[]},"diDeps":[],"lifecycleHooks":[]}],"exportedDirectives":[{"reference":{"__symbol":1,"members":[]}},{"reference":{"__symbol":2,"members":[]}},{"reference":{"__symbol":3,"members":[]}}],"exportedPipes":[]}}],"symbols":[{"__symbol":0,"name":"GridModule","filePath":"/Users/adam/git/ionic2/dist/ionic-angular/components/grid/grid.module.d.ts"},{"__symbol":1,"name":"Grid","filePath":"/Users/adam/git/ionic2/dist/ionic-angular/components/grid/grid.d.ts"},{"__symbol":2,"name":"Row","filePath":"/Users/adam/git/ionic2/dist/ionic-angular/components/grid/row.d.ts"},{"__symbol":3,"name":"Col","filePath":"/Users/adam/git/ionic2/dist/ionic-angular/components/grid/col.d.ts"}]}