{"summaries":[{"symbol":{"__symbol":0,"members":[]},"metadata":{"__symbolic":"class"},"type":{"summaryKind":1,"type":{"reference":{"__symbol":0,"members":[]},"diDeps":[],"lifecycleHooks":[]},"isComponent":false,"selector":"ion-row, [ion-row]","inputs":{},"outputs":{},"hostListeners":{},"hostProperties":{},"hostAttributes":{"class":"row"},"providers":[],"viewProviders":[],"queries":[],"viewQueries":[],"entryComponents":[],"changeDetection":null,"template":null}}],"symbols":[{"__symbol":0,"name":"Row","filePath":"/Users/adam/git/ionic2/dist/ionic-angular/components/grid/row.d.ts"}]}