[{"__symbolic":"module","version":3,"metadata":{"Row":{"__symbolic":"class","decorators":[{"__symbolic":"call","expression":{"__symbolic":"reference","module":"@angular/core","name":"Directive"},"arguments":[{"selector":"ion-row, [ion-row]","host":{"class":"row","$quoted$":["class"]}}]}]}}},{"__symbolic":"module","version":1,"metadata":{"Row":{"__symbolic":"class","decorators":[{"__symbolic":"call","expression":{"__symbolic":"reference","module":"@angular/core","name":"Directive"},"arguments":[{"selector":"ion-row, [ion-row]","host":{"class":"row"}}]}]}}}]