[{"__symbolic":"module","version":3,"metadata":{"AlertModule":{"__symbolic":"class","decorators":[{"__symbolic":"call","expression":{"__symbolic":"reference","module":"@angular/core","name":"NgModule"},"arguments":[{"imports":[{"__symbolic":"reference","module":"../backdrop/backdrop.module","name":"BackdropModule"},{"__symbolic":"reference","module":"../button/button.module","name":"ButtonModule"},{"__symbolic":"reference","module":"@angular/common","name":"CommonModule"},{"__symbolic":"reference","module":"@angular/forms","name":"FormsModule"}],"declarations":[{"__symbolic":"reference","module":"./alert-component","name":"AlertCmp"}],"exports":[{"__symbolic":"reference","module":"./alert-component","name":"AlertCmp"}],"entryComponents":[{"__symbolic":"reference","module":"./alert-component","name":"AlertCmp"}]}]}],"statics":{"forRoot":{"__symbolic":"function","parameters":[],"value":{"ngModule":{"__symbolic":"reference","name":"AlertModule"},"providers":[]}}}}}},{"__symbolic":"module","version":1,"metadata":{"AlertModule":{"__symbolic":"class","decorators":[{"__symbolic":"call","expression":{"__symbolic":"reference","module":"@angular/core","name":"NgModule"},"arguments":[{"imports":[{"__symbolic":"reference","module":"../backdrop/backdrop.module","name":"BackdropModule"},{"__symbolic":"reference","module":"../button/button.module","name":"ButtonModule"},{"__symbolic":"reference","module":"@angular/common","name":"CommonModule"},{"__symbolic":"reference","module":"@angular/forms","name":"FormsModule"}],"declarations":[{"__symbolic":"reference","module":"./alert-component","name":"AlertCmp"}],"exports":[{"__symbolic":"reference","module":"./alert-component","name":"AlertCmp"}],"entryComponents":[{"__symbolic":"reference","module":"./alert-component","name":"AlertCmp"}]}]}],"statics":{"forRoot":{"__symbolic":"function","parameters":[],"value":{"ngModule":{"__symbolic":"reference","name":"AlertModule"},"providers":[]}}}}}}]