[{"__symbolic":"module","version":3,"metadata":{"AlertPopIn":{"__symbolic":"class","extends":{"__symbolic":"reference","module":"../../transitions/transition","name":"Transition"},"members":{"init":[{"__symbolic":"method"}]}},"AlertPopOut":{"__symbolic":"class","extends":{"__symbolic":"reference","module":"../../transitions/transition","name":"Transition"},"members":{"init":[{"__symbolic":"method"}]}},"AlertMdPopIn":{"__symbolic":"class","extends":{"__symbolic":"reference","module":"../../transitions/transition","name":"Transition"},"members":{"init":[{"__symbolic":"method"}]}},"AlertMdPopOut":{"__symbolic":"class","extends":{"__symbolic":"reference","module":"../../transitions/transition","name":"Transition"},"members":{"init":[{"__symbolic":"method"}]}},"AlertWpPopIn":{"__symbolic":"class","extends":{"__symbolic":"reference","module":"../../transitions/transition","name":"Transition"},"members":{"init":[{"__symbolic":"method"}]}},"AlertWpPopOut":{"__symbolic":"class","extends":{"__symbolic":"reference","module":"../../transitions/transition","name":"Transition"},"members":{"init":[{"__symbolic":"method"}]}}}},{"__symbolic":"module","version":1,"metadata":{"AlertPopIn":{"__symbolic":"class","extends":{"__symbolic":"reference","module":"../../transitions/transition","name":"Transition"},"members":{"init":[{"__symbolic":"method"}]}},"AlertPopOut":{"__symbolic":"class","extends":{"__symbolic":"reference","module":"../../transitions/transition","name":"Transition"},"members":{"init":[{"__symbolic":"method"}]}},"AlertMdPopIn":{"__symbolic":"class","extends":{"__symbolic":"reference","module":"../../transitions/transition","name":"Transition"},"members":{"init":[{"__symbolic":"method"}]}},"AlertMdPopOut":{"__symbolic":"class","extends":{"__symbolic":"reference","module":"../../transitions/transition","name":"Transition"},"members":{"init":[{"__symbolic":"method"}]}},"AlertWpPopIn":{"__symbolic":"class","extends":{"__symbolic":"reference","module":"../../transitions/transition","name":"Transition"},"members":{"init":[{"__symbolic":"method"}]}},"AlertWpPopOut":{"__symbolic":"class","extends":{"__symbolic":"reference","module":"../../transitions/transition","name":"Transition"},"members":{"init":[{"__symbolic":"method"}]}}}}]