[{"__symbolic":"module","version":3,"metadata":{"Alert":{"__symbolic":"class","extends":{"__symbolic":"reference","module":"../../navigation/view-controller","name":"ViewController"},"members":{"__ctor__":[{"__symbolic":"constructor","parameters":[{"__symbolic":"reference","module":"../app/app","name":"App"},{"__symbolic":"reference","module":"./alert-options","name":"AlertOptions"},{"__symbolic":"reference","module":"../../config/config","name":"Config"}]}],"getTransitionName":[{"__symbolic":"method"}],"setTitle":[{"__symbolic":"method"}],"setSubTitle":[{"__symbolic":"method"}],"setMessage":[{"__symbolic":"method"}],"addInput":[{"__symbolic":"method"}],"addButton":[{"__symbolic":"method"}],"setCssClass":[{"__symbolic":"method"}],"setMode":[{"__symbolic":"method"}],"present":[{"__symbolic":"method"}]}}}},{"__symbolic":"module","version":1,"metadata":{"Alert":{"__symbolic":"class","extends":{"__symbolic":"reference","module":"../../navigation/view-controller","name":"ViewController"},"members":{"__ctor__":[{"__symbolic":"constructor","parameters":[{"__symbolic":"reference","module":"../app/app","name":"App"},{"__symbolic":"reference","module":"./alert-options","name":"AlertOptions"},{"__symbolic":"reference","module":"../../config/config","name":"Config"}]}],"getTransitionName":[{"__symbolic":"method"}],"setTitle":[{"__symbolic":"method"}],"setSubTitle":[{"__symbolic":"method"}],"setMessage":[{"__symbolic":"method"}],"addInput":[{"__symbolic":"method"}],"addButton":[{"__symbolic":"method"}],"setCssClass":[{"__symbolic":"method"}],"setMode":[{"__symbolic":"method"}],"present":[{"__symbolic":"method"}]}}}}]