{"summaries":[{"symbol":{"__symbol":0,"members":[]},"metadata":{"__symbolic":"interface"}},{"symbol":{"__symbol":1,"members":[]},"metadata":{"__symbolic":"interface"}},{"symbol":{"__symbol":2,"members":[]},"metadata":{"__symbolic":"interface"}}],"symbols":[{"__symbol":0,"name":"AlertOptions","filePath":"/Users/adam/git/ionic2/dist/ionic-angular/components/alert/alert-options.d.ts"},{"__symbol":1,"name":"AlertInputOptions","filePath":"/Users/adam/git/ionic2/dist/ionic-angular/components/alert/alert-options.d.ts"},{"__symbol":2,"name":"AlertButton","filePath":"/Users/adam/git/ionic2/dist/ionic-angular/components/alert/alert-options.d.ts"}]}