{"summaries":[{"symbol":{"__symbol":0,"members":[]},"metadata":{"__symbolic":"class"}},{"symbol":{"__symbol":1,"members":[]},"metadata":{"__symbolic":"class"}},{"symbol":{"__symbol":2,"members":[]},"metadata":{"__symbolic":"class"}},{"symbol":{"__symbol":3,"members":[]},"metadata":{"__symbolic":"class"}},{"symbol":{"__symbol":4,"members":[]},"metadata":{"__symbolic":"class"}},{"symbol":{"__symbol":5,"members":[]},"metadata":{"__symbolic":"class"}}],"symbols":[{"__symbol":0,"name":"AlertPopIn","filePath":"/Users/adam/git/ionic2/dist/ionic-angular/components/alert/alert-transitions.d.ts"},{"__symbol":1,"name":"AlertPopOut","filePath":"/Users/adam/git/ionic2/dist/ionic-angular/components/alert/alert-transitions.d.ts"},{"__symbol":2,"name":"AlertMdPopIn","filePath":"/Users/adam/git/ionic2/dist/ionic-angular/components/alert/alert-transitions.d.ts"},{"__symbol":3,"name":"AlertMdPopOut","filePath":"/Users/adam/git/ionic2/dist/ionic-angular/components/alert/alert-transitions.d.ts"},{"__symbol":4,"name":"AlertWpPopIn","filePath":"/Users/adam/git/ionic2/dist/ionic-angular/components/alert/alert-transitions.d.ts"},{"__symbol":5,"name":"AlertWpPopOut","filePath":"/Users/adam/git/ionic2/dist/ionic-angular/components/alert/alert-transitions.d.ts"}]}