[{"__symbolic":"module","version":3,"metadata":{"AlertController":{"__symbolic":"class","decorators":[{"__symbolic":"call","expression":{"__symbolic":"reference","module":"@angular/core","name":"Injectable"}}],"members":{"__ctor__":[{"__symbolic":"constructor","parameters":[{"__symbolic":"reference","module":"../app/app","name":"App"},{"__symbolic":"reference","module":"../../config/config","name":"Config"}]}],"create":[{"__symbolic":"method"}]}}}},{"__symbolic":"module","version":1,"metadata":{"AlertController":{"__symbolic":"class","decorators":[{"__symbolic":"call","expression":{"__symbolic":"reference","module":"@angular/core","name":"Injectable"}}],"members":{"__ctor__":[{"__symbolic":"constructor","parameters":[{"__symbolic":"reference","module":"../app/app","name":"App"},{"__symbolic":"reference","module":"../../config/config","name":"Config"}]}],"create":[{"__symbolic":"method"}]}}}}]