[{"__symbolic":"module","version":3,"metadata":{"AppRootToken":{"__symbolic":"new","expression":{"__symbolic":"reference","module":"@angular/core","name":"OpaqueToken"},"arguments":["USERROOT"]},"IonicApp":{"__symbolic":"class","extends":{"__symbolic":"reference","module":"../ion","name":"Ion"},"decorators":[{"__symbolic":"call","expression":{"__symbolic":"reference","module":"@angular/core","name":"Component"},"arguments":[{"selector":"ion-app","template":"<div #viewport app-viewport></div><div #modalPortal overlay-portal></div><div #overlayPortal overlay-portal></div><div #loadingPortal class=\"loading-portal\" overlay-portal></div><div #toastPortal class=\"toast-portal\" [overlay-portal]=\"10000\"></div><div class=\"click-block\"></div>"}]}],"members":{"_viewport":[{"__symbolic":"property","decorators":[{"__symbolic":"call","expression":{"__symbolic":"reference","module":"@angular/core","name":"ViewChild"},"arguments":["viewport",{"read":{"__symbolic":"reference","module":"@angular/core","name":"ViewContainerRef"}}]}]}],"_modalPortal":[{"__symbolic":"property","decorators":[{"__symbolic":"call","expression":{"__symbolic":"reference","module":"@angular/core","name":"ViewChild"},"arguments":["modalPortal",{"read":{"__symbolic":"reference","module":"../nav/overlay-portal","name":"OverlayPortal"}}]}]}],"_overlayPortal":[{"__symbolic":"property","decorators":[{"__symbolic":"call","expression":{"__symbolic":"reference","module":"@angular/core","name":"ViewChild"},"arguments":["overlayPortal",{"read":{"__symbolic":"reference","module":"../nav/overlay-portal","name":"OverlayPortal"}}]}]}],"_loadingPortal":[{"__symbolic":"property","decorators":[{"__symbolic":"call","expression":{"__symbolic":"reference","module":"@angular/core","name":"ViewChild"},"arguments":["loadingPortal",{"read":{"__symbolic":"reference","module":"../nav/overlay-portal","name":"OverlayPortal"}}]}]}],"_toastPortal":[{"__symbolic":"property","decorators":[{"__symbolic":"call","expression":{"__symbolic":"reference","module":"@angular/core","name":"ViewChild"},"arguments":["toastPortal",{"read":{"__symbolic":"reference","module":"../nav/overlay-portal","name":"OverlayPortal"}}]}]}],"__ctor__":[{"__symbolic":"constructor","parameterDecorators":[[{"__symbolic":"call","expression":{"__symbolic":"reference","module":"@angular/core","name":"Inject"},"arguments":[{"__symbolic":"reference","name":"AppRootToken"}]}],null,null,null,null,null,null],"parameters":[{"__symbolic":"reference","name":"any"},{"__symbolic":"reference","module":"@angular/core","name":"ComponentFactoryResolver"},{"__symbolic":"reference","module":"@angular/core","name":"ElementRef"},{"__symbolic":"reference","module":"@angular/core","name":"Renderer"},{"__symbolic":"reference","module":"../../config/config","name":"Config"},{"__symbolic":"reference","module":"../../platform/platform","name":"Platform"},{"__symbolic":"reference","module":"./app","name":"App"}]}],"ngOnInit":[{"__symbolic":"method"}],"_getPortal":[{"__symbolic":"method"}],"_getActivePortal":[{"__symbolic":"method"}],"_disableScroll":[{"__symbolic":"method"}],"stopScroll":[{"__symbolic":"method"}]}}}},{"__symbolic":"module","version":1,"metadata":{"AppRootToken":{"__symbolic":"new","expression":{"__symbolic":"reference","module":"@angular/core","name":"OpaqueToken"},"arguments":["USERROOT"]},"IonicApp":{"__symbolic":"class","extends":{"__symbolic":"reference","module":"../ion","name":"Ion"},"decorators":[{"__symbolic":"call","expression":{"__symbolic":"reference","module":"@angular/core","name":"Component"},"arguments":[{"selector":"ion-app","template":"<div #viewport app-viewport></div><div #modalPortal overlay-portal></div><div #overlayPortal overlay-portal></div><div #loadingPortal class=\"loading-portal\" overlay-portal></div><div #toastPortal class=\"toast-portal\" [overlay-portal]=\"10000\"></div><div class=\"click-block\"></div>"}]}],"members":{"_viewport":[{"__symbolic":"property","decorators":[{"__symbolic":"call","expression":{"__symbolic":"reference","module":"@angular/core","name":"ViewChild"},"arguments":["viewport",{"read":{"__symbolic":"reference","module":"@angular/core","name":"ViewContainerRef"}}]}]}],"_modalPortal":[{"__symbolic":"property","decorators":[{"__symbolic":"call","expression":{"__symbolic":"reference","module":"@angular/core","name":"ViewChild"},"arguments":["modalPortal",{"read":{"__symbolic":"reference","module":"../nav/overlay-portal","name":"OverlayPortal"}}]}]}],"_overlayPortal":[{"__symbolic":"property","decorators":[{"__symbolic":"call","expression":{"__symbolic":"reference","module":"@angular/core","name":"ViewChild"},"arguments":["overlayPortal",{"read":{"__symbolic":"reference","module":"../nav/overlay-portal","name":"OverlayPortal"}}]}]}],"_loadingPortal":[{"__symbolic":"property","decorators":[{"__symbolic":"call","expression":{"__symbolic":"reference","module":"@angular/core","name":"ViewChild"},"arguments":["loadingPortal",{"read":{"__symbolic":"reference","module":"../nav/overlay-portal","name":"OverlayPortal"}}]}]}],"_toastPortal":[{"__symbolic":"property","decorators":[{"__symbolic":"call","expression":{"__symbolic":"reference","module":"@angular/core","name":"ViewChild"},"arguments":["toastPortal",{"read":{"__symbolic":"reference","module":"../nav/overlay-portal","name":"OverlayPortal"}}]}]}],"__ctor__":[{"__symbolic":"constructor","parameterDecorators":[[{"__symbolic":"call","expression":{"__symbolic":"reference","module":"@angular/core","name":"Inject"},"arguments":[{"__symbolic":"reference","name":"AppRootToken"}]}],null,null,null,null,null,null],"parameters":[{"__symbolic":"reference","name":"any"},{"__symbolic":"reference","module":"@angular/core","name":"ComponentFactoryResolver"},{"__symbolic":"reference","module":"@angular/core","name":"ElementRef"},{"__symbolic":"reference","module":"@angular/core","name":"Renderer"},{"__symbolic":"reference","module":"../../config/config","name":"Config"},{"__symbolic":"reference","module":"../../platform/platform","name":"Platform"},{"__symbolic":"reference","module":"./app","name":"App"}]}],"ngOnInit":[{"__symbolic":"method"}],"_getPortal":[{"__symbolic":"method"}],"_getActivePortal":[{"__symbolic":"method"}],"_disableScroll":[{"__symbolic":"method"}],"stopScroll":[{"__symbolic":"method"}]}}}}]