{"summaries":[{"symbol":{"__symbol":0,"members":[]},"metadata":{"__symbolic":"new","expression":{"__symbol":1,"members":[]},"arguments":["USERROOT"]}},{"symbol":{"__symbol":2,"members":[]},"metadata":{"__symbolic":"class"},"type":{"summaryKind":1,"type":{"reference":{"__symbol":2,"members":[]},"diDeps":[{"isAttribute":false,"isHost":false,"isSelf":false,"isSkipSelf":false,"isOptional":false,"token":{"identifier":{"reference":{"__symbol":0,"members":[]}}}},{"isAttribute":false,"isHost":false,"isSelf":false,"isSkipSelf":false,"isOptional":false,"token":{"identifier":{"reference":{"__symbol":3,"members":[]}}}},{"isAttribute":false,"isHost":false,"isSelf":false,"isSkipSelf":false,"isOptional":false,"token":{"identifier":{"reference":{"__symbol":4,"members":[]}}}},{"isAttribute":false,"isHost":false,"isSelf":false,"isSkipSelf":false,"isOptional":false,"token":{"identifier":{"reference":{"__symbol":5,"members":[]}}}},{"isAttribute":false,"isHost":false,"isSelf":false,"isSkipSelf":false,"isOptional":false,"token":{"identifier":{"reference":{"__symbol":6,"members":[]}}}},{"isAttribute":false,"isHost":false,"isSelf":false,"isSkipSelf":false,"isOptional":false,"token":{"identifier":{"reference":{"__symbol":7,"members":[]}}}},{"isAttribute":false,"isHost":false,"isSelf":false,"isSkipSelf":false,"isOptional":false,"token":{"identifier":{"reference":{"__symbol":8,"members":[]}}}}],"lifecycleHooks":[0]},"isComponent":true,"selector":"ion-app","inputs":{"color":"color","mode":"mode"},"outputs":{},"hostListeners":{},"hostProperties":{},"hostAttributes":{},"providers":[],"viewProviders":[],"queries":[],"viewQueries":[{"selectors":[{"value":"viewport"}],"first":true,"descendants":true,"propertyName":"_viewport","read":{"identifier":{"reference":{"__symbol":9,"members":[]}}}},{"selectors":[{"value":"modalPortal"}],"first":true,"descendants":true,"propertyName":"_modalPortal","read":{"identifier":{"reference":{"__symbol":10,"members":[]}}}},{"selectors":[{"value":"overlayPortal"}],"first":true,"descendants":true,"propertyName":"_overlayPortal","read":{"identifier":{"reference":{"__symbol":10,"members":[]}}}},{"selectors":[{"value":"loadingPortal"}],"first":true,"descendants":true,"propertyName":"_loadingPortal","read":{"identifier":{"reference":{"__symbol":10,"members":[]}}}},{"selectors":[{"value":"toastPortal"}],"first":true,"descendants":true,"propertyName":"_toastPortal","read":{"identifier":{"reference":{"__symbol":10,"members":[]}}}}],"entryComponents":[],"changeDetection":1,"template":{"animations":[],"ngContentSelectors":[],"encapsulation":2},"componentViewType":{"__symbol":11,"members":[]},"rendererType":{"__symbol":12,"members":[]},"componentFactory":{"__symbol":13,"members":[]}}}],"symbols":[{"__symbol":0,"name":"AppRootToken","filePath":"/Users/adam/git/ionic2/dist/ionic-angular/components/app/app-root.d.ts"},{"__symbol":1,"name":"OpaqueToken","filePath":"/Users/adam/git/ionic2/node_modules/@angular/core/core.d.ts"},{"__symbol":2,"name":"IonicApp","filePath":"/Users/adam/git/ionic2/dist/ionic-angular/components/app/app-root.d.ts"},{"__symbol":3,"name":"ComponentFactoryResolver","filePath":"/Users/adam/git/ionic2/node_modules/@angular/core/core.d.ts"},{"__symbol":4,"name":"ElementRef","filePath":"/Users/adam/git/ionic2/node_modules/@angular/core/core.d.ts"},{"__symbol":5,"name":"Renderer","filePath":"/Users/adam/git/ionic2/node_modules/@angular/core/core.d.ts"},{"__symbol":6,"name":"Config","filePath":"/Users/adam/git/ionic2/dist/ionic-angular/config/config.d.ts"},{"__symbol":7,"name":"Platform","filePath":"/Users/adam/git/ionic2/dist/ionic-angular/platform/platform.d.ts"},{"__symbol":8,"name":"App","filePath":"/Users/adam/git/ionic2/dist/ionic-angular/components/app/app.d.ts"},{"__symbol":9,"name":"ViewContainerRef","filePath":"/Users/adam/git/ionic2/node_modules/@angular/core/core.d.ts"},{"__symbol":10,"name":"OverlayPortal","filePath":"/Users/adam/git/ionic2/dist/ionic-angular/components/nav/overlay-portal.d.ts"},{"__symbol":11,"name":"View_IonicApp_0","filePath":"/Users/adam/git/ionic2/dist/ionic-angular/components/app/app-root.ngfactory.d.ts"},{"__symbol":12,"name":"RenderType_IonicApp","filePath":"/Users/adam/git/ionic2/dist/ionic-angular/components/app/app-root.ngfactory.d.ts"},{"__symbol":13,"name":"IonicAppNgFactory","filePath":"/Users/adam/git/ionic2/dist/ionic-angular/components/app/app-root.ngfactory.d.ts"}]}