{"summaries":[{"symbol":{"__symbol":0,"members":[]},"metadata":1},{"symbol":{"__symbol":1,"members":[]},"metadata":2},{"symbol":{"__symbol":2,"members":[]},"metadata":3},{"symbol":{"__symbol":3,"members":[]},"metadata":4}],"symbols":[{"__symbol":0,"name":"PORTAL_DEFAULT","filePath":"/Users/adam/git/ionic2/dist/ionic-angular/components/app/app-constants.d.ts"},{"__symbol":1,"name":"PORTAL_MODAL","filePath":"/Users/adam/git/ionic2/dist/ionic-angular/components/app/app-constants.d.ts"},{"__symbol":2,"name":"PORTAL_LOADING","filePath":"/Users/adam/git/ionic2/dist/ionic-angular/components/app/app-constants.d.ts"},{"__symbol":3,"name":"PORTAL_TOAST","filePath":"/Users/adam/git/ionic2/dist/ionic-angular/components/app/app-constants.d.ts"}]}