[{"__symbolic":"module","version":3,"metadata":{"AppModule":{"__symbolic":"class","decorators":[{"__symbolic":"call","expression":{"__symbolic":"reference","module":"@angular/core","name":"NgModule"},"arguments":[{"imports":[{"__symbolic":"reference","module":"../nav/nav.module","name":"NavModule"}],"declarations":[{"__symbolic":"reference","module":"./app-root","name":"IonicApp"}],"exports":[{"__symbolic":"reference","module":"./app-root","name":"IonicApp"}],"entryComponents":[{"__symbolic":"reference","module":"./app-root","name":"IonicApp"}]}]}],"statics":{"forRoot":{"__symbolic":"function","parameters":[],"value":{"ngModule":{"__symbolic":"reference","name":"AppModule"},"providers":[]}}}}}},{"__symbolic":"module","version":1,"metadata":{"AppModule":{"__symbolic":"class","decorators":[{"__symbolic":"call","expression":{"__symbolic":"reference","module":"@angular/core","name":"NgModule"},"arguments":[{"imports":[{"__symbolic":"reference","module":"../nav/nav.module","name":"NavModule"}],"declarations":[{"__symbolic":"reference","module":"./app-root","name":"IonicApp"}],"exports":[{"__symbolic":"reference","module":"./app-root","name":"IonicApp"}],"entryComponents":[{"__symbolic":"reference","module":"./app-root","name":"IonicApp"}]}]}],"statics":{"forRoot":{"__symbolic":"function","parameters":[],"value":{"ngModule":{"__symbolic":"reference","name":"AppModule"},"providers":[]}}}}}}]