{"summaries":[{"symbol":{"__symbol":0,"members":[]},"metadata":{"__symbolic":"class","statics":{"forRoot":{"__symbolic":"function","parameters":[],"value":{"ngModule":{"__symbol":0,"members":[]},"providers":[]}}}},"type":{"summaryKind":2,"type":{"reference":{"__symbol":0,"members":[]},"diDeps":[],"lifecycleHooks":[]},"entryComponents":[{"componentType":{"__symbol":1,"members":[]},"componentFactory":{"__symbol":2,"members":[]}}],"providers":[],"modules":[{"reference":{"__symbol":3,"members":[]},"diDeps":[],"lifecycleHooks":[]},{"reference":{"__symbol":0,"members":[]},"diDeps":[],"lifecycleHooks":[]}],"exportedDirectives":[{"reference":{"__symbol":1,"members":[]}}],"exportedPipes":[]}}],"symbols":[{"__symbol":0,"name":"AppModule","filePath":"/Users/adam/git/ionic2/dist/ionic-angular/components/app/app.module.d.ts"},{"__symbol":1,"name":"IonicApp","filePath":"/Users/adam/git/ionic2/dist/ionic-angular/components/app/app-root.d.ts"},{"__symbol":2,"name":"IonicAppNgFactory","filePath":"/Users/adam/git/ionic2/dist/ionic-angular/components/app/app-root.ngfactory.d.ts"},{"__symbol":3,"name":"NavModule","filePath":"/Users/adam/git/ionic2/dist/ionic-angular/components/nav/nav.module.d.ts"}]}